,lib,sampleNames,condition,plate_well,RNAID,tissue,animalID,sex,cohort,age_days,RNA_batch,RNA_extractor,cDNA_batch,seq_batch,file
M6_1,M6_1,M6,LiverF7,M6,RNA670,Liver,P_1B_1,F,1B,77,1,EC,1,1,M6_CKDL240007483-1A_22553JLT4_L7.featureCounts
A20_2,A20_2,A20,SpleenM47,A20,RNA345,Spleen,J_1A_22,M,1A,47,2,EC,2,2,A20_CKDL240007484-1A_22553JLT4_L6.featureCounts
B12_2,B12_2,B12,SpinalCordM47,B12,RNA456 - LOST,SpinalCord,J_1A_22,M,1A,47,2,EC,2,2,B12_CKDL240007484-1A_22553JLT4_L6.featureCounts
B14_2,B14_2,B14,HeartM47,B14,R204,Heart,J_1A_22,M,1A,47,1,JC,2,2,B14_CKDL240007484-1A_22553JLT4_L6.featureCounts
B4_2,B4_2,B4,BoneF47,B4,RNA621,Bone,J_1A_24,F,1A,47,3,EC,2,2,B4_CKDL240007484-1A_22553JLT4_L6.featureCounts
C20_2,C20_2,C20,SpleenF47,C20,RNA347,Spleen,J_1A_24,F,1A,47,2,EC,2,2,C20_CKDL240007484-1A_22553JLT4_L6.featureCounts
D16_2,D16_2,D16,HeartF47,D16,R238,Heart,J_1A_24,F,1A,47,2,EC,2,2,D16_CKDL240007484-1A_22553JLT4_L6.featureCounts
E06_2,E06_2,E06,FatM47,E06,RNA537,Fat,J_1A_17,M,1A,47,2,EC,2,2,E6_CKDL240007484-1A_22553JLT4_L6.featureCounts
E08_2,E08_2,E08,FatF47,E08,RNA569,Fat,P_1A_1,F,1A,47,3,EC,2,2,E8_CKDL240007484-1A_22553JLT4_L6.featureCounts
E14_2,E14_2,E14,HeartF47,E14,R207,Heart,P_1A_1,F,1A,47,1,JC,2,2,E14_CKDL240007484-1A_22553JLT4_L6.featureCounts
F07_2,F07_2,F07,FatM47,F07,RNA554,Fat,J_1A_22,M,1A,47,3,EC,2,2,F7_CKDL240007484-1A_22553JLT4_L6.featureCounts
F12_2,F12_2,F12,SpinalCordF47,F12,RNA460,SpinalCord,J_1A_24,F,1A,47,2,EC,2,2,F12_CKDL240007484-1A_22553JLT4_L6.featureCounts
F16_2,F16_2,F16,HeartM47,F16,R240,Heart,J_1A_17,M,1A,47,2,EC,2,2,F16_CKDL240007484-1A_22553JLT4_L6.featureCounts
F22_2,F22_2,F22,BrainM47,F22,R44,Brain,J_1A_17,M,1A,47,1,EC,2,2,F22_CKDL240007484-1A_22553JLT4_L6.featureCounts
F23_2,F23_2,F23,BrainF47,F23,R60,Brain,J_1A_24,F,1A,47,2,EC,2,2,F23_CKDL240007484-1A_22553JLT4_L6.featureCounts
G02_2,G02_2,G02,BoneF47,G02,RNA594,Bone,P_1A_1,F,1A,47,2,EC,2,2,G2_CKDL240007484-1A_22553JLT4_L6.featureCounts
G07_2,G07_2,G07,FatF47,G07,RNA555,Fat,J_1A_24,F,1A,47,3,EC,2,2,G7_CKDL240007484-1A_22553JLT4_L6.featureCounts
G22_2,G22_2,G22,BrainF47,G22,R45,Brain,P_1A_1,F,1A,47,1,EC,2,2,G22_CKDL240007484-1A_22553JLT4_L6.featureCounts
I12_2,I12_2,I12,EyeM47,I12,643,Eye,J_1A_17-and-J_1A_22,M,1A,47,NA,MRW,2,2,I12_CKDL240007484-1A_22553JLT4_L6.featureCounts
J03_2,J03_2,J03,BoneM47,J03,RNA613,Bone,J_1A_22,M,1A,47,3,EC,2,2,J3_CKDL240007484-1A_22553JLT4_L6.featureCounts
J19_2,J19_2,J19,SpleenM47,J19,RNA338,Spleen,J_1A_17,M,1A,47,2,EC,2,2,J19_CKDL240007484-1A_22553JLT4_L6.featureCounts
L11_2,L11_2,L11,SpinalCordM47,L11,RNA450,SpinalCord,J_1A_17,M,1A,47,2,EC,2,2,L11_CKDL240007484-1A_22553JLT4_L6.featureCounts
M11_2,M11_2,M11,SpinalCordF47,M11,RNA451,SpinalCord,P_1A_1,F,1A,47,2,EC,2,2,M11_CKDL240007484-1A_22553JLT4_L6.featureCounts
M19_2,M19_2,M19,SpleenF47,M19,RNA341,Spleen,P_1A_1,F,1A,47,2,EC,2,2,M19_CKDL240007484-1A_22553JLT4_L6.featureCounts
N04_2,N04_2,N04,EyeF47,N04,632,Eye,P_1A_1-and-J_1A_24,F,1A,47,NA,MRW,2,2,N4_CKDL240007484-1A_22553JLT4_L6.featureCounts
N21_2,N21_2,N21,BrainM47,N21,R36,Brain,J_1A_22,M,1A,47,1,EC,2,2,N21_CKDL240007484-1A_22553JLT4_L6.featureCounts
P03_2,P03_2,P03,BoneM47,P03,RNA619,Bone,J_1A_17,M,1A,47,3,EC,2,2,P3_CKDL240007484-1A_22553JLT4_L6.featureCounts
A11_1,A11_1,A11,KidneyM47,A11,R274,Kidney,J_1A_22,M,1A,47,2,JC,1,1,A11_CKDL240007483-1A_22553JLT4_L7.featureCounts
B20_1,B20_1,B20,SkinM47,B20,R126,Skin,J_1A_17,M,1A,47,2,EC,1,1,B20_CKDL240007483-1A_22553JLT4_L7.featureCounts
B4_1,B4_1,B4,GutM47,B4,RNA401,Gut,J_1A_22,M,1A,47,2,EC,1,1,B4_CKDL240007483-1A_22553JLT4_L7.featureCounts
C16_1,C16_1,C16,MuscleM47,C16,RNA512,Muscle,J_1A_22,M,1A,47,3,EC,1,1,C16_CKDL240007483-1A_22553JLT4_L7.featureCounts
D12_1,D12_1,D12,KidneyM47,D12,R293,Kidney,J_1A_17,M,1A,47,2,EC,1,1,D12_CKDL240007483-1A_22553JLT4_L7.featureCounts
E20_1,E20_1,E20,SkinM47,E20,R129,Skin,J_1A_22,M,1A,47,2,EC,1,1,E20_CKDL240007483-1A_22553JLT4_L7.featureCounts
F20_1,F20_1,F20,SkinF47,F20,R130,Skin,P_1A_1,F,1A,47,2,EC,1,1,F20_CKDL240007483-1A_22553JLT4_L7.featureCounts
N21_1,N21_1,N21,GonadF47,N21,145,Ovary,P_1A_1,F,1A,47,1,IG,1,1,N21_CKDL240007483-1A_22553JLT4_L7.featureCounts
G4_1,G4_1,G4,GutF47,G4,RNA406,Gut,P_1A_1,F,1A,47,2,EC,1,1,G4_CKDL240007483-1A_22553JLT4_L7.featureCounts
G6_1,G6_1,G6,LiverF47,G6,RNA664,Liver,J_1A_24,F,1A,47,1,EC,1,1,G6_CKDL240007483-1A_22553JLT4_L7.featureCounts
G7_1,G7_1,G7,LiverF47,G7,RNA680,Liver,P_1A_1,F,1A,47,1,IG,1,1,G7_CKDL240007483-1A_22553JLT4_L7.featureCounts
H6_1,H6_1,H6,LiverM47,H6,RNA665,Liver,J_1A_17,M,1A,47,1,EC,1,1,H6_CKDL240007483-1A_22553JLT4_L7.featureCounts
H7_1,H7_1,H7,LiverM47,H7,RNA681,Liver,J_1A_22,M,1A,47,1,IG,1,1,H7_CKDL240007483-1A_22553JLT4_L7.featureCounts
K15_1,K15_1,K15,MuscleF47,K15,RNA504,Muscle,P_1A_1,F,1A,47,3,EC,1,1,K15_CKDL240007483-1A_22553JLT4_L7.featureCounts
L10_1,L10_1,L10,KidneyF47,L10,R269,Kidney,J_1A_24,F,1A,47,1,JC,1,1,L10_CKDL240007483-1A_22553JLT4_L7.featureCounts
M13_1,M13_1,M13,MuscleM47,M13,RNA474,Muscle,J_1A_17,M,1A,47,1,EC,1,1,M13_CKDL240007483-1A_22553JLT4_L7.featureCounts
N11_1,N11_1,N11,KidneyF47,N11,R287,Kidney,P_1A_1,F,1A,47,2,EC,1,1,N11_CKDL240007483-1A_22553JLT4_L7.featureCounts
P21_1,P21_1,P21,GonadF47,P21,147,Ovary,J_1A_24,F,1A,47,1,IG,1,1,P21_CKDL240007483-1A_22553JLT4_L7.featureCounts
N3_1,N3_1,N3,GutF47,N3,RNA397,Gut,J_1A_24,F,1A,47,2,EC,1,1,N3_CKDL240007483-1A_22553JLT4_L7.featureCounts
O1_1,O1_1,O1,GutM47,O1,RNA366,Gut,J_1A_17,M,1A,47,1,EC,1,1,O1_CKDL240007483-1A_22553JLT4_L7.featureCounts
O17_1,O17_1,O17,SkinF47,O17,R91,Skin,J_1A_24,F,1A,47,1,IG,1,1,O17_CKDL240007483-1A_22553JLT4_L7.featureCounts
F24_1,F24_1,F24,GonadF49,F24,185,Ovary,J_1B_5,F,1B,49,2,JC,1,1,F24_CKDL240007483-1A_22553JLT4_L7.featureCounts
P13_1,P13_1,P13,MuscleF47,P13,RNA477,Muscle,J_1A_24,F,1A,47,1,EC,1,1,P13_CKDL240007483-1A_22553JLT4_L7.featureCounts
I21_1,I21_1,I21,GonadF52,I21,140,Ovary,D_06,F,2,52,1,EC,1,1,I21_CKDL240007483-1A_22553JLT4_L7.featureCounts
B22_2,B22_2,B22,BrainM49,B22,R40,Brain,J_1B_2,M,1B,49,1,EC,2,2,B22_CKDL240007484-1A_22553JLT4_L6.featureCounts
C06_2,C06_2,C06,FatM49,C06,RNA535,Fat,J_1B_12,M,1B,49,2,EC,2,2,C6_CKDL240007484-1A_22553JLT4_L6.featureCounts
C23_2,C23_2,C23,BrainF49,C23,R57,Brain,J_1B_5,F,1B,49,2,EC,2,2,C23_CKDL240007484-1A_22553JLT4_L6.featureCounts
D20_2,D20_2,D20,SpleenF49,D20,RNA348,Spleen,P_1B_9,F,1B,49,2,EC,2,2,D20_CKDL240007484-1A_22553JLT4_L6.featureCounts
E02_2,E02_2,E02,BoneM49,E02,RNA592,Bone,J_1B_12,M,1B,49,2,EC,2,2,E2_CKDL240007484-1A_22553JLT4_L6.featureCounts
E04_2,E04_2,E04,BoneF49,E04,RNA624,Bone,P_1B_9,F,1B,49,3,EC,2,2,E4_CKDL240007484-1A_22553JLT4_L6.featureCounts
E16_2,E16_2,E16,HeartF49,E16,R239,Heart,J_1B_5,F,1B,49,2,EC,2,2,E16_CKDL240007484-1A_22553JLT4_L6.featureCounts
E18_2,E18_2,E18,SpleenM49,E18,RNA317,Spleen,J_1B_12,M,1B,49,1,JC,2,2,E18_CKDL240007484-1A_22553JLT4_L6.featureCounts
E20_2,E20_2,E20,SpleenF49,E20,RNA349,Spleen,J_1B_5,F,1B,49,2,EC,2,2,E20_CKDL240007484-1A_22553JLT4_L6.featureCounts
F03_2,F03_2,F03,BoneM49,F03,RNA609,Bone,J_1B_2,M,1B,49,3,EC,2,2,F3_CKDL240007484-1A_22553JLT4_L6.featureCounts
G16_2,G16_2,G16,HeartM49,G16,R241,Heart,J_1B_2,M,1B,49,2,EC,2,2,G16_CKDL240007484-1A_22553JLT4_L6.featureCounts
H06_2,H06_2,H06,FatF49,H06,RNA540,Fat,P_1B_9,F,1B,49,2,EC,2,2,H6_CKDL240007484-1A_22553JLT4_L6.featureCounts
H22_2,H22_2,H22,BrainF49,H22,R46,Brain,P_1B_9,F,1B,49,1,EC,2,2,H22_CKDL240007484-1A_22553JLT4_L6.featureCounts
I03_2,I03_2,I03,BoneF49,I03,RNA612,Bone,J_1B_5,F,1B,49,3,EC,2,2,I3_CKDL240007484-1A_22553JLT4_L6.featureCounts
J10_2,J10_2,J10,SpinalCordM49,J10,RNA432,SpinalCord,J_1B_2,M,1B,49,2,JC,2,2,J10_CKDL240007484-1A_22553JLT4_L6.featureCounts
J14_2,J14_2,J14,HeartM49,J14,R212,Heart,J_1B_12,M,1B,49,1,JC,2,2,J14_CKDL240007484-1A_22553JLT4_L6.featureCounts
K19_2,K19_2,K19,SpleenM49,K19,RNA339,Spleen,J_1B_2,M,1B,49,2,EC,2,2,K19_CKDL240007484-1A_22553JLT4_L6.featureCounts
L07_2,L07_2,L07,FatF49,L07,RNA560,Fat,J_1B_5,F,1B,49,3,EC,2,2,L7_CKDL240007484-1A_22553JLT4_L6.featureCounts
M08_2,M08_2,M08,EyeM49,M08,639,Eye,J_1B_12-and-J_1B_2,M,1B,49,NA,MRW,2,2,M8_CKDL240007484-1A_22553JLT4_L6.featureCounts
N09_2,N09_2,N09,SpinalCordM49,N09,RNA420,SpinalCord,J_1B_12,M,1B,49,1,EC,2,2,N9_CKDL240007484-1A_22553JLT4_L6.featureCounts
N12_2,N12_2,N12,EyeF49,N12,648,Eye,P_1B_9-and-J_1B_5,F,1B,49,NA,MRW,2,2,N12_CKDL240007484-1A_22553JLT4_L6.featureCounts
P07_2,P07_2,P07,FatM49,P07,RNA564,Fat,J_1B_2,M,1B,49,3,EC,2,2,P7_CKDL240007484-1A_22553JLT4_L6.featureCounts
P09_2,P09_2,P09,SpinalCordF49,P09,RNA422,SpinalCord,P_1B_9,F,1B,49,1,EC,2,2,P9_CKDL240007484-1A_22553JLT4_L6.featureCounts
P11_2,P11_2,P11,SpinalCordF49,P11,RNA454,SpinalCord,J_1B_5,F,1B,49,2,EC,2,2,P11_CKDL240007484-1A_22553JLT4_L6.featureCounts
B12_1,B12_1,B12,KidneyF49,B12,R291,Kidney,J_1B_5,F,1B,49,2,EC,1,1,B12_CKDL240007483-1A_22553JLT4_L7.featureCounts
C14_1,C14_1,C14,MuscleM49,C14,RNA480,Muscle,J_1B_2,M,1B,49,1,EC,1,1,C14_CKDL240007483-1A_22553JLT4_L7.featureCounts
C18_1,C18_1,C18,SkinM49,C18,R95,Skin,J_1B_2,M,1B,49,1,IG,1,1,C18_CKDL240007483-1A_22553JLT4_L7.featureCounts
C20_1,C20_1,C20,SkinF49,C20,R127,Skin,P_1B_9,F,1B,49,2,EC,1,1,C20_CKDL240007483-1A_22553JLT4_L7.featureCounts
F10_1,F10_1,F10,KidneyF49,F10,R263,Kidney,P_1B_9,F,1B,49,1,JC,1,1,F10_CKDL240007483-1A_22553JLT4_L7.featureCounts
F16_1,F16_1,F16,MuscleF49,F16,RNA515,Muscle,J_1B_5,F,1B,49,3,EC,1,1,F16_CKDL240007483-1A_22553JLT4_L7.featureCounts
O22_1,O22_1,O22,GonadF52,O22,162,Ovary,D_14,F,2,52,2,EC,1,1,O22_CKDL240007483-1A_22553JLT4_L7.featureCounts
G15_1,G15_1,G15,MuscleF49,G15,RNA500,Muscle,P_1B_9,F,1B,49,3,EC,1,1,G15_CKDL240007483-1A_22553JLT4_L7.featureCounts
G19_1,G19_1,G19,SkinM49,G19,R115,Skin,J_1B_12,M,1B,49,2,IG,1,1,G19_CKDL240007483-1A_22553JLT4_L7.featureCounts
H15_1,H15_1,H15,MuscleM49,H15,RNA501,Muscle,J_1B_12,M,1B,49,3,EC,1,1,H15_CKDL240007483-1A_22553JLT4_L7.featureCounts
H3_1,H3_1,H3,GutM49,H3,RNA391,Gut,J_1B_12,M,1B,49,2,EC,1,1,H3_CKDL240007483-1A_22553JLT4_L7.featureCounts
I2_1,I2_1,I2,GutM49,I2,RNA376,Gut,J_1B_2,M,1B,49,1,JC,1,1,I2_CKDL240007483-1A_22553JLT4_L7.featureCounts
I6_1,I6_1,I6,LiverF49,I6,RNA666,Liver,J_1B_5,F,1B,49,1,EC,1,1,I6_CKDL240007483-1A_22553JLT4_L7.featureCounts
I7_1,I7_1,I7,LiverF49,I7,RNA682,Liver,P_1B_9,F,1B,49,1,IG,1,1,I7_CKDL240007483-1A_22553JLT4_L7.featureCounts
J6_1,J6_1,J6,LiverM49,J6,RNA667,Liver,J_1B_12,M,1B,49,1,EC,1,1,J6_CKDL240007483-1A_22553JLT4_L7.featureCounts
J7_1,J7_1,J7,LiverM49,J7,RNA683,Liver,J_1B_2,M,1B,49,1,IG,1,1,J7_CKDL240007483-1A_22553JLT4_L7.featureCounts
K3_1,K3_1,K3,GutF49,K3,RNA394,Gut,P_1B_9,F,1B,49,2,EC,1,1,K3_CKDL240007483-1A_22553JLT4_L7.featureCounts
L19_1,L19_1,L19,SkinF49,L19,R120,Skin,J_1B_5,F,1B,49,2,EC,1,1,L19_CKDL240007483-1A_22553JLT4_L7.featureCounts
M11_1,M11_1,M11,KidneyM49,M11,R286,Kidney,J_1B_12,M,1B,49,2,EC,1,1,M11_CKDL240007483-1A_22553JLT4_L7.featureCounts
B24_1,B24_1,B24,GonadF75,B24,181,Ovary,P_1A_8,F,1A,75,2,JC,1,1,B24_CKDL240007483-1A_22553JLT4_L7.featureCounts
J23_1,J23_1,J23,GonadF75,J23,173,Ovary,P_1A_12,F,1A,75,2,JC,1,1,J23_CKDL240007483-1A_22553JLT4_L7.featureCounts
P3_1,P3_1,P3,GutF49,P3,RNA399,Gut,J_1B_5,F,1B,49,2,EC,1,1,P3_CKDL240007483-1A_22553JLT4_L7.featureCounts
P9_1,P9_1,P9,KidneyM49,P9,R257,Kidney,J_1B_2,M,1B,49,1,JC,1,1,P9_CKDL240007483-1A_22553JLT4_L7.featureCounts
A05_2,A05_2,A05,FatM52,A05,RNA517,Fat,E_01,M,2,52,1,EC,2,2,A5_CKDL240007484-1A_22553JLT4_L6.featureCounts
A11_2,A11_2,A11,SpinalCordF52,A11,RNA439,SpinalCord,D_06,F,2,52,2,JC,2,2,A11_CKDL240007484-1A_22553JLT4_L6.featureCounts
B11_2,B11_2,B11,SpinalCordM52,B11,RNA440,SpinalCord,H_02,M,2,52,2,JC,2,2,B11_CKDL240007484-1A_22553JLT4_L6.featureCounts
C05_2,C05_2,C05,FatM52,C05,RNA519,Fat,H_02,M,2,52,1,EC,2,2,C5_CKDL240007484-1A_22553JLT4_L6.featureCounts
D09_2,D09_2,D09,SpinalCordF52,D09,RNA410,SpinalCord,D_14,F,2,52,1,EC,2,2,D9_CKDL240007484-1A_22553JLT4_L6.featureCounts
F01_2,F01_2,F01,BoneM52,F01,RNA577,Bone,H_02,M,2,52,1,EC,2,2,F1_CKDL240007484-1A_22553JLT4_L6.featureCounts
F19_2,F19_2,F19,SpleenM52,F19,RNA334,Spleen,E_01,M,2,52,2,EC,2,2,F19_CKDL240007484-1A_22553JLT4_L6.featureCounts
G13_2,G13_2,G13,HeartM52,G13,R193,Heart,H_02,M,2,52,1,EC,2,2,G13_CKDL240007484-1A_22553JLT4_L6.featureCounts
H01_2,H01_2,H01,BoneM52,H01,RNA579,Bone,E_01,M,2,52,1,EC,2,2,H1_CKDL240007484-1A_22553JLT4_L6.featureCounts
H13_2,H13_2,H13,HeartF52,H13,R194,Heart,D_14,F,2,52,1,EC,2,2,H13_CKDL240007484-1A_22553JLT4_L6.featureCounts
I09_2,I09_2,I09,SpinalCordM52,I09,RNA415,SpinalCord,E_01,M,2,52,1,EC,2,2,I9_CKDL240007484-1A_22553JLT4_L6.featureCounts
I13_2,I13_2,I13,HeartF52,I13,R195,Heart,D_06,F,2,52,1,EC,2,2,I13_CKDL240007484-1A_22553JLT4_L6.featureCounts
I21_2,I21_2,I21,BrainF52,I21,R31,Brain,D_14,F,2,52,1,IG,2,2,I21_CKDL240007484-1A_22553JLT4_L6.featureCounts
L06_2,L06_2,L06,FatF52,L06,RNA544,Fat,D_14,F,2,52,2,EC,2,2,L6_CKDL240007484-1A_22553JLT4_L6.featureCounts
L18_2,L18_2,L18,SpleenF52,L18,RNA324,Spleen,D_06,F,2,52,1,JC,2,2,L18_CKDL240007484-1A_22553JLT4_L6.featureCounts
M02_2,M02_2,M02,BoneF52,M02,RNA600,Bone,D_14,F,2,52,2,EC,2,2,M2_CKDL240007484-1A_22553JLT4_L6.featureCounts
M22_2,M22_2,M22,BrainM52,M22,R51,Brain,E_01,M,2,52,2,EC,2,2,M22_CKDL240007484-1A_22553JLT4_L6.featureCounts
N18_2,N18_2,N18,SpleenF52,N18,RNA326,Spleen,D_14,F,2,52,1,JC,2,2,N18_CKDL240007484-1A_22553JLT4_L6.featureCounts
N22_2,N22_2,N22,BrainF52,N22,R52,Brain,D_06,F,2,52,2,EC,2,2,N22_CKDL240007484-1A_22553JLT4_L6.featureCounts
O06_2,O06_2,O06,FatF52,O06,RNA547,Fat,D_06,F,2,52,2,EC,2,2,O6_CKDL240007484-1A_22553JLT4_L6.featureCounts
O13_2,O13_2,O13,HeartM52,O13,R201,Heart,E_01,M,2,52,1,EC,2,2,O13_CKDL240007484-1A_22553JLT4_L6.featureCounts
O18_2,O18_2,O18,SpleenM52,O18,RNA327,Spleen,H_02,M,2,52,1,JC,2,2,O18_CKDL240007484-1A_22553JLT4_L6.featureCounts
P02_2,P02_2,P02,BoneF52,P02,RNA603,Bone,D_06,F,2,52,2,EC,2,2,P2_CKDL240007484-1A_22553JLT4_L6.featureCounts
P22_2,P22_2,P22,BrainM52,P22,R54,Brain,H_02,M,2,52,2,EC,2,2,P22_CKDL240007484-1A_22553JLT4_L6.featureCounts
A15_1,A15_1,A15,MuscleM52,A15,RNA494,Muscle,E_01,M,2,52,2,EC,1,1,A15_CKDL240007483-1A_22553JLT4_L7.featureCounts
A6_1,A6_1,A6,LiverF52,A6,R17,Liver,D_06,F,2,52,2,IG,1,1,A6_CKDL240007483-1A_22553JLT4_L7.featureCounts
B3_1,B3_1,B3,GutF52,B3,RNA385,Gut,D_06,F,2,52,1,JC,1,1,B3_CKDL240007483-1A_22553JLT4_L7.featureCounts
C1_1,C1_1,C1,GutF52,C1,RNA354,Gut,D_14,F,2,52,1,EC,1,1,C1_CKDL240007483-1A_22553JLT4_L7.featureCounts
C17_1,C17_1,C17,SkinF52,C17,R79,Skin,D_14,F,2,52,1,EC,1,1,C17_CKDL240007483-1A_22553JLT4_L7.featureCounts
C6_1,C6_1,C6,LiverF52,C6,R19,Liver,D_14,F,2,52,2,IG,1,1,C6_CKDL240007483-1A_22553JLT4_L7.featureCounts
D1_1,D1_1,D1,GutM52,D1,RNA355,Gut,E_01,M,2,52,1,EC,1,1,D1_CKDL240007483-1A_22553JLT4_L7.featureCounts
F5_1,F5_1,F5,LiverM52,F5,R6,Liver,H_02,M,2,52,2,EC,1,1,F5_CKDL240007483-1A_22553JLT4_L7.featureCounts
G11_1,G11_1,G11,KidneyF52,G11,R280,Kidney,D_06,F,2,52,2,JC,1,1,G11_CKDL240007483-1A_22553JLT4_L7.featureCounts
G23_1,G23_1,G23,GonadF77,G23,170,Ovary,P_1B_3,F,1B,77,2,EC,1,1,G23_CKDL240007483-1A_22553JLT4_L7.featureCounts
H1_1,H1_1,H1,GutM52,H1,RNA359,Gut,H_02,M,2,52,1,EC,1,1,H1_CKDL240007483-1A_22553JLT4_L7.featureCounts
H11_1,H11_1,H11,KidneyM52,H11,R281,Kidney,E_01,M,2,52,2,JC,1,1,H11_CKDL240007483-1A_22553JLT4_L7.featureCounts
H13_1,H13_1,H13,MuscleF52,H13,RNA469,Muscle,D_06,F,2,52,1,EC,1,1,H13_CKDL240007483-1A_22553JLT4_L7.featureCounts
H17_1,H17_1,H17,SkinM52,H17,R84,Skin,H_02,M,2,52,1,EC,1,1,H17_CKDL240007483-1A_22553JLT4_L7.featureCounts
I13_1,I13_1,I13,MuscleM52,I13,RNA470,Muscle,H_02,M,2,52,1,EC,1,1,I13_CKDL240007483-1A_22553JLT4_L7.featureCounts
I17_1,I17_1,I17,SkinM52,I17,R85,Skin,E_01,M,2,52,1,EC,1,1,I17_CKDL240007483-1A_22553JLT4_L7.featureCounts
A23_1,A23_1,A23,GonadF78,A23,164,Ovary,E02,F,2,78,2,EC,1,1,A23_CKDL240007483-1A_22553JLT4_L7.featureCounts
D21_1,D21_1,D21,GonadF78,D21,135,Ovary,I06,F,2,78,1,EC,1,1,D21_CKDL240007483-1A_22553JLT4_L7.featureCounts
K11_1,K11_1,K11,KidneyF52,K11,R284,Kidney,D_14,F,2,52,2,EC,1,1,K11_CKDL240007483-1A_22553JLT4_L7.featureCounts
K9_1,K9_1,K9,KidneyM52,K9,R252,Kidney,H_02,M,2,52,1,EC,1,1,K9_CKDL240007483-1A_22553JLT4_L7.featureCounts
L14_1,L14_1,L14,MuscleF52,L14,RNA489,Muscle,D_14,F,2,52,2,EC,1,1,L14_CKDL240007483-1A_22553JLT4_L7.featureCounts
M22_1,M22_1,M22,GonadF102,M22,160,Ovary,A06,F,2,102,2,EC,1,1,M22_CKDL240007483-1A_22553JLT4_L7.featureCounts
O5_1,O5_1,O5,LiverM52,O5,R15,Liver,E_01,M,2,52,2,IG,1,1,O5_CKDL240007483-1A_22553JLT4_L7.featureCounts
P18_1,P18_1,P18,SkinF52,P18,R108,Skin,D_06,F,2,52,2,IG,1,1,P18_CKDL240007483-1A_22553JLT4_L7.featureCounts
A08_2,A08_2,A08,FatM75,A08,RNA565,Fat,J_1A_13,M,1A,75,3,EC,2,2,A8_CKDL240007484-1A_22553JLT4_L6.featureCounts
A10_2,A10_2,A10,SpinalCordM75,A10,RNA423,SpinalCord,J_1A_14,M,1A,75,1,EC,2,2,A10_CKDL240007484-1A_22553JLT4_L6.featureCounts
B15_2,B15_2,B15,HeartF75,B15,R220,Heart,P_1A_12,F,1A,75,1,JC,2,2,B15_CKDL240007484-1A_22553JLT4_L6.featureCounts
B18_2,B18_2,B18,SpleenF75,B18,RNA314,Spleen,P_1A_12,F,1A,75,1,EC,2,2,B18_CKDL240007484-1A_22553JLT4_L6.featureCounts
C15_2,C15_2,C15,HeartF75,C15,R221,Heart,P_1A_8,F,1A,75,1,JC,2,2,C15_CKDL240007484-1A_22553JLT4_L6.featureCounts
C18_2,C18_2,C18,SpleenF75,C18,RNA315,Spleen,P_1A_8,F,1A,75,1,JC,2,2,C18_CKDL240007484-1A_22553JLT4_L6.featureCounts
D15_2,D15_2,D15,HeartM75,D15,R222,Heart,J_1A_13,M,1A,75,1,JC,2,2,D15_CKDL240007484-1A_22553JLT4_L6.featureCounts
D23_2,D23_2,D23,BrainF75,D23,R58,Brain,P_1A_8,F,1A,75,2,EC,2,2,D23_CKDL240007484-1A_22553JLT4_L6.featureCounts
F02_2,F02_2,F02,BoneF75,F02,RNA593,Bone,P_1A_8,F,1A,75,2,EC,2,2,F2_CKDL240007484-1A_22553JLT4_L6.featureCounts
G03_2,G03_2,G03,BoneM75,G03,RNA610,Bone,J_1A_13,M,1A,75,3,EC,2,2,G3_CKDL240007484-1A_22553JLT4_L6.featureCounts
G23_2,G23_2,G23,BrainM75,G23,R61,Brain,J_1A_14,M,1A,75,2,EC,2,2,G23_CKDL240007484-1A_22553JLT4_L6.featureCounts
H18_2,H18_2,H18,SpleenM75,H18,RNA320,Spleen,J_1A_14,M,1A,75,1,JC,2,2,H18_CKDL240007484-1A_22553JLT4_L6.featureCounts
I06_2,I06_2,I06,FatF75,I06,RNA541,Fat,P_1A_12,F,1A,75,2,EC,2,2,I6_CKDL240007484-1A_22553JLT4_L6.featureCounts
I10_2,I10_2,I10,SpinalCordF75,I10,RNA431,SpinalCord,P_1A_12,F,1A,75,2,JC,2,2,I10_CKDL240007484-1A_22553JLT4_L6.featureCounts
I14_2,I14_2,I14,HeartM75,I14,R211,Heart,J_1A_14,M,1A,75,1,JC,2,2,I14_CKDL240007484-1A_22553JLT4_L6.featureCounts
I19_2,I19_2,I19,SpleenM75,I19,RNA337,Spleen,J_1A_13,M,1A,75,2,EC,2,2,I19_CKDL240007484-1A_22553JLT4_L6.featureCounts
J04_2,J04_2,J04,EyeF75,J04,628,Eye,P_1A_12,F,1A,75,NA,MRW,2,2,J4_CKDL240007484-1A_22553JLT4_L6.featureCounts
K08_2,K08_2,K08,EyeM75,K08,637,Eye,J_1A_14-and-J_1A_13,M,1A,75,NA,MRW,2,2,K8_CKDL240007484-1A_22553JLT4_L6.featureCounts
L05_2,L05_2,L05,FatM75,L05,RNA528,Fat,J_1A_14,M,1A,75,1,EC,2,2,L5_CKDL240007484-1A_22553JLT4_L6.featureCounts
L23_2,L23_2,L23,BrainM75,L23,R66,Brain,J_1A_13,M,1A,75,2,IG,2,2,L23_CKDL240007484-1A_22553JLT4_L6.featureCounts
M21_2,M21_2,M21,BrainF75,M21,R35,Brain,P_1A_12,F,1A,75,1,EC,2,2,M21_CKDL240007484-1A_22553JLT4_L6.featureCounts
N07_2,N07_2,N07,FatF75,N07,RNA562,Fat,P_1A_8,F,1A,75,3,EC,2,2,N7_CKDL240007484-1A_22553JLT4_L6.featureCounts
O03_2,O03_2,O03,BoneF75,O03,RNA618,Bone,P_1A_12,F,1A,75,3,EC,2,2,O3_CKDL240007484-1A_22553JLT4_L6.featureCounts
O11_2,O11_2,O11,SpinalCordM75,O11,RNA453,SpinalCord,J_1A_13,M,1A,75,2,EC,2,2,O11_CKDL240007484-1A_22553JLT4_L6.featureCounts
P22_1,P22_1,P22,GonadF102,P22,163,Ovary,J05,F,2,102,2,EC,1,1,P22_CKDL240007483-1A_22553JLT4_L7.featureCounts
A4_1,A4_1,A4,GutF75,A4,RNA400,Gut,P_1A_8,F,1A,75,2,EC,1,1,A4_CKDL240007483-1A_22553JLT4_L7.featureCounts
O21_1,O21_1,O21,GonadF103,O21,146,Ovary,P_1A_2,F,1A,103,1,IG,1,1,O21_CKDL240007483-1A_22553JLT4_L7.featureCounts
C12_1,C12_1,C12,KidneyM75,C12,R292,Kidney,J_1A_14,M,1A,75,2,EC,1,1,C12_CKDL240007483-1A_22553JLT4_L7.featureCounts
D11_1,D11_1,D11,KidneyM75,D11,R277,Kidney,J_1A_13,M,1A,75,2,JC,1,1,D11_CKDL240007483-1A_22553JLT4_L7.featureCounts
D20_1,D20_1,D20,SkinM75,D20,R128,Skin,J_1A_14,M,1A,75,2,EC,1,1,D20_CKDL240007483-1A_22553JLT4_L7.featureCounts
E18_1,E18_1,E18,SkinF75,E18,R97,Skin,P_1A_12,F,1A,75,1,IG,1,1,E18_CKDL240007483-1A_22553JLT4_L7.featureCounts
F4_1,F4_1,F4,GutM75,F4,RNA405,Gut,J_1A_14,M,1A,75,2,EC,1,1,F4_CKDL240007483-1A_22553JLT4_L7.featureCounts
G14_1,G14_1,G14,MuscleF75,G14,RNA484,Muscle,P_1A_8,F,1A,75,2,EC,1,1,G14_CKDL240007483-1A_22553JLT4_L7.featureCounts
H10_1,H10_1,H10,KidneyF75,H10,R265,Kidney,P_1A_8,F,1A,75,1,JC,1,1,H10_CKDL240007483-1A_22553JLT4_L7.featureCounts
M21_1,M21_1,M21,GonadF133,M21,144,Ovary,J-1B-6,F,1B,133,1,IG,1,1,M21_CKDL240007483-1A_22553JLT4_L7.featureCounts
K2_1,K2_1,K2,GutM75,K2,RNA378,Gut,J_1A_13,M,1A,75,1,JC,1,1,K2_CKDL240007483-1A_22553JLT4_L7.featureCounts
K6_1,K6_1,K6,LiverF75,K6,RNA668,Liver,P_1A_12,F,1A,75,1,EC,1,1,K6_CKDL240007483-1A_22553JLT4_L7.featureCounts
K7_1,K7_1,K7,LiverF75,K7,RNA684,Liver,P_1A_8,F,1A,75,1,IG,1,1,K7_CKDL240007483-1A_22553JLT4_L7.featureCounts
L15_1,L15_1,L15,MuscleM75,L15,RNA505,Muscle,J_1A_14,M,1A,75,3,EC,1,1,L15_CKDL240007483-1A_22553JLT4_L7.featureCounts
L6_1,L6_1,L6,LiverM75,L6,RNA669,Liver,J_1A_13,M,1A,75,1,EC,1,1,L6_CKDL240007483-1A_22553JLT4_L7.featureCounts
L7_1,L7_1,L7,LiverM75,L7,RNA685,Liver,J_1A_14,M,1A,75,1,IG,1,1,L7_CKDL240007483-1A_22553JLT4_L7.featureCounts
N17_1,N17_1,N17,SkinF75,N17,R90,Skin,P_1A_8,F,1A,75,1,IG,1,1,N17_CKDL240007483-1A_22553JLT4_L7.featureCounts
O13_1,O13_1,O13,MuscleM75,O13,RNA476,Muscle,J_1A_13,M,1A,75,1,EC,1,1,O13_CKDL240007483-1A_22553JLT4_L7.featureCounts
O3_1,O3_1,O3,GutF75,O3,RNA398,Gut,P_1A_12,F,1A,75,2,EC,1,1,O3_CKDL240007483-1A_22553JLT4_L7.featureCounts
P10_1,P10_1,P10,KidneyF75,P10,R273,Kidney,P_1A_12,F,1A,75,2,JC,1,1,P10_CKDL240007483-1A_22553JLT4_L7.featureCounts
P15_1,P15_1,P15,MuscleF75,P15,RNA509,Muscle,P_1A_12,F,1A,75,3,EC,1,1,P15_CKDL240007483-1A_22553JLT4_L7.featureCounts
P17_1,P17_1,P17,SkinM75,P17,R92,Skin,J_1A_13,M,1A,75,1,IG,1,1,P17_CKDL240007483-1A_22553JLT4_L7.featureCounts
A02_2,A02_2,A02,BoneF77,A02,RNA588,Bone,P_1B_1,F,1B,77,1,EC,2,2,A2_CKDL240007484-1A_22553JLT4_L6.featureCounts
A06_2,A06_2,A06,FatM77,A06,RNA533,Fat,J_1B_13,M,1B,77,1,EC,2,2,A6_CKDL240007484-1A_22553JLT4_L6.featureCounts
B8_2,B8_2,B8,FatF77,B8,RNA566,Fat,P_1B_1,F,1B,77,3,EC,2,2,B8_CKDL240007484-1A_22553JLT4_L6.featureCounts
C04_2,C04_2,C04,BoneM77,C04,RNA622,Bone,J_1B_13,M,1B,77,3,EC,2,2,C4_CKDL240007484-1A_22553JLT4_L6.featureCounts
D24_2,D24_2,D24,BrainM77,D24,R74,Brain,J_1B_20,M,1B,77,2,IG,2,2,D24_CKDL240007484-1A_22553JLT4_L6.featureCounts
E12_2,E12_2,E12,SpinalCordF77,E12,RNA459,SpinalCord,P_1B_3,F,1B,77,2,EC,2,2,E12_CKDL240007484-1A_22553JLT4_L6.featureCounts
E22_2,E22_2,E22,BrainF77,E22,R43,Brain,P_1B_3,F,1B,77,1,EC,2,2,E22_CKDL240007484-1A_22553JLT4_L6.featureCounts
F18_2,F18_2,F18,SpleenF77,F18,RNA318,Spleen,P_1B_1,F,1B,77,1,JC,2,2,F18_CKDL240007484-1A_22553JLT4_L6.featureCounts
G10_2,G10_2,G10,SpinalCordF77,G10,RNA429,SpinalCord,P_1B_1,F,1B,77,2,JC,2,2,G10_CKDL240007484-1A_22553JLT4_L6.featureCounts
G14_2,G14_2,G14,HeartF77,G14,R209,Heart,P_1B_3,F,1B,77,1,JC,2,2,G14_CKDL240007484-1A_22553JLT4_L6.featureCounts
G18_2,G18_2,G18,SpleenM77,G18,RNA319,Spleen,J_1B_13,M,1B,77,1,JC,2,2,G18_CKDL240007484-1A_22553JLT4_L6.featureCounts
H11_2,H11_2,H11,SpinalCordM77,H11,RNA446,SpinalCord,J_1B_13,M,1B,77,2,EC,2,2,H11_CKDL240007484-1A_22553JLT4_L6.featureCounts
H23_2,H23_2,H23,BrainF77,H23,R62,Brain,P_1B_1,F,1B,77,2,IG,2,2,H23_CKDL240007484-1A_22553JLT4_L6.featureCounts
J06_2,J06_2,J06,FatM77,J06,RNA542,Fat,J_1B_20,M,1B,77,2,EC,2,2,J6_CKDL240007484-1A_22553JLT4_L6.featureCounts
K14_2,K14_2,K14,HeartF77,K14,R213,Heart,P_1B_1,F,1B,77,1,JC,2,2,K14_CKDL240007484-1A_22553JLT4_L6.featureCounts
L09_2,L09_2,L09,SpinalCordM77,L09,RNA418,SpinalCord,J_1B_20,M,1B,77,1,EC,2,2,L9_CKDL240007484-1A_22553JLT4_L6.featureCounts
L19_2,L19_2,L19,SpleenM77,L19,RNA340,Spleen,J_1B_20,M,1B,77,2,EC,2,2,L19_CKDL240007484-1A_22553JLT4_L6.featureCounts
M01_2,M01_2,M01,BoneM77,M01,RNA584,Bone,J_1B_20,M,1B,77,1,EC,2,2,M1_CKDL240007484-1A_22553JLT4_L6.featureCounts
M04_2,M04_2,M04,EyeF77,M04,631,Eye,P_1B_1-and-P_1B_3,F,1B,77,NA,MRW,2,2,M4_CKDL240007484-1A_22553JLT4_L6.featureCounts
M05_2,M05_2,M05,FatF77,M05,RNA529,Fat,P_1B_3,F,1B,77,1,EC,2,2,M5_CKDL240007484-1A_22553JLT4_L6.featureCounts
M12_2,M12_2,M12,EyeM77,M12,647,Eye,J_1B_13-and-J_1B_20,M,1B,77,NA,MRW,2,2,M12_CKDL240007484-1A_22553JLT4_L6.featureCounts
N23_2,N23_2,N23,BrainM77,N23,R68,Brain,J_1B_13,M,1B,77,2,IG,2,2,N23_CKDL240007484-1A_22553JLT4_L6.featureCounts
P14_2,P14_2,P14,HeartM77,P14,R218,Heart,J_1B_20,M,1B,77,1,JC,2,2,P14_CKDL240007484-1A_22553JLT4_L6.featureCounts
P15_2,P15_2,P15,HeartM77,P15,R234,Heart,J_1B_13,M,1B,77,2,EC,2,2,P15_CKDL240007484-1A_22553JLT4_L6.featureCounts
P19_2,P19_2,P19,SpleenF77,P19,RNA344,Spleen,P_1B_3,F,1B,77,2,EC,2,2,P19_CKDL240007484-1A_22553JLT4_L6.featureCounts
B14_1,B14_1,B14,MuscleF77,B14,RNA479,Muscle,P_1B_3,F,1B,77,1,EC,1,1,B14_CKDL240007483-1A_22553JLT4_L7.featureCounts
N22_1,N22_1,N22,GonadF134,N22,161,Ovary,C04,F,2,134,2,EC,1,1,N22_CKDL240007483-1A_22553JLT4_L7.featureCounts
C11_1,C11_1,C11,KidneyM77,C11,R276,Kidney,J_1B_20,M,1B,77,2,JC,1,1,C11_CKDL240007483-1A_22553JLT4_L7.featureCounts
E19_1,E19_1,E19,SkinM77,E19,R113,Skin,J_1B_20,M,1B,77,2,IG,1,1,E19_CKDL240007483-1A_22553JLT4_L7.featureCounts
G16_1,G16_1,G16,MuscleM77,G16,RNA516,Muscle,J_1B_20,M,1B,77,3,EC,1,1,G16_CKDL240007483-1A_22553JLT4_L7.featureCounts
C23_1,C23_1,C23,GonadF147,C23,166,Ovary,J_1B_7,F,1B,147,2,EC,1,1,C23_CKDL240007483-1A_22553JLT4_L7.featureCounts
H19_1,H19_1,H19,SkinF77,H19,R116,Skin,P_1B_3,F,1B,77,2,IG,1,1,H19_CKDL240007483-1A_22553JLT4_L7.featureCounts
H2_1,H2_1,H2,GutF77,H2,RNA375,Gut,P_1B_3,F,1B,77,1,JC,1,1,H2_CKDL240007483-1A_22553JLT4_L7.featureCounts
I14_1,I14_1,I14,MuscleM77,I14,RNA486,Muscle,J_1B_13,M,1B,77,2,EC,1,1,I14_CKDL240007483-1A_22553JLT4_L7.featureCounts
B21_1,B21_1,B21,GonadF155,B21,133,Ovary,J9,F,2,155,1,EC,1,1,B21_CKDL240007483-1A_22553JLT4_L7.featureCounts
J3_1,J3_1,J3,GutM77,J3,RNA393,Gut,J_1B_13,M,1B,77,2,EC,1,1,J3_CKDL240007483-1A_22553JLT4_L7.featureCounts
K10_1,K10_1,K10,KidneyF77,K10,R268,Kidney,P_1B_1,F,1B,77,1,JC,1,1,K10_CKDL240007483-1A_22553JLT4_L7.featureCounts
L3_1,L3_1,L3,GutM77,L3,RNA395,Gut,J_1B_20,M,1B,77,2,EC,1,1,L3_CKDL240007483-1A_22553JLT4_L7.featureCounts
M19_1,M19_1,M19,SkinM77,M19,R121,Skin,J_1B_13,M,1B,77,2,EC,1,1,M19_CKDL240007483-1A_22553JLT4_L7.featureCounts
M7_1,M7_1,M7,LiverF77,M7,RNA686,Liver,P_1B_3,F,1B,77,1,IG,1,1,M7_CKDL240007483-1A_22553JLT4_L7.featureCounts
N1_1,N1_1,N1,GutF77,N1,RNA365,Gut,P_1B_1,F,1B,77,1,EC,1,1,N1_CKDL240007483-1A_22553JLT4_L7.featureCounts
N15_1,N15_1,N15,MuscleF77,N15,RNA507,Muscle,P_1B_1,F,1B,77,3,EC,1,1,N15_CKDL240007483-1A_22553JLT4_L7.featureCounts
N19_1,N19_1,N19,SkinF77,N19,R122,Skin,P_1B_1,F,1B,77,2,EC,1,1,N19_CKDL240007483-1A_22553JLT4_L7.featureCounts
N6_1,N6_1,N6,LiverM77,N6,RNA671,Liver,J_1B_13,M,1B,77,1,EC,1,1,N6_CKDL240007483-1A_22553JLT4_L7.featureCounts
N7_1,N7_1,N7,LiverM77,N7,RNA687,Liver,J_1B_20,M,1B,77,1,IG,1,1,N7_CKDL240007483-1A_22553JLT4_L7.featureCounts
O10_1,O10_1,O10,KidneyM77,O10,R272,Kidney,J_1B_13,M,1B,77,2,JC,1,1,O10_CKDL240007483-1A_22553JLT4_L7.featureCounts
P11_1,P11_1,P11,KidneyF77,P11,R289,Kidney,P_1B_3,F,1B,77,2,EC,1,1,P11_CKDL240007483-1A_22553JLT4_L7.featureCounts
A01_2,A01_2,A01,BoneM78,A01,RNA572,Bone,A01,M,2,78,1,EC,2,2,A1_CKDL240007484-1A_22553JLT4_L6.featureCounts
A07_2,A07_2,A07,FatF78,A07,RNA549,Fat,I06,F,2,78,2,EC,2,2,A7_CKDL240007484-1A_22553JLT4_L6.featureCounts
A17_2,A17_2,A17,SpleenF78,A17,RNA297,Spleen,I06,F,2,78,1,EC,2,2,A17_CKDL240007484-1A_22553JLT4_L6.featureCounts
A23_2,A23_2,A23,BrainF78,A23,R55,Brain,I06,F,2,78,2,EC,2,2,A23_CKDL240007484-1A_22553JLT4_L6.featureCounts
B19_2,B19_2,B19,SpleenM78,B19,RNA330,Spleen,A01,M,2,78,1,JC,2,2,B19_CKDL240007484-1A_22553JLT4_L6.featureCounts
B23_2,B23_2,B23,BrainM78,B23,R56,Brain,A17,M,2,78,2,EC,2,2,B23_CKDL240007484-1A_22553JLT4_L6.featureCounts
C01_2,C01_2,C01,BoneM78,C01,RNA574,Bone,A17,M,2,78,1,EC,2,2,C1_CKDL240007484-1A_22553JLT4_L6.featureCounts
C07_2,C07_2,C07,FatM78,C07,RNA551,Fat,A17,M,2,78,2,EC,2,2,C7_CKDL240007484-1A_22553JLT4_L6.featureCounts
C09_2,C09_2,C09,SpinalCordF78,C09,RNA409,SpinalCord,E02,F,2,78,1,EC,2,2,C9_CKDL240007484-1A_22553JLT4_L6.featureCounts
C11_2,C11_2,C11,SpinalCordF78,C11,RNA441,SpinalCord,I06,F,2,78,2,JC,2,2,C11_CKDL240007484-1A_22553JLT4_L6.featureCounts
D03_2,D03_2,D03,BoneF78,D03,RNA607,Bone,I06,F,2,78,2,EC,2,2,D3_CKDL240007484-1A_22553JLT4_L6.featureCounts
D13_2,D13_2,D13,HeartM78,D13,R190,Heart,A01,M,2,78,1,EC,2,2,D13_CKDL240007484-1A_22553JLT4_L6.featureCounts
F05_2,F05_2,F05,FatM78,F05,RNA522,Fat,A01,M,2,78,1,EC,2,2,F5_CKDL240007484-1A_22553JLT4_L6.featureCounts
F13_2,F13_2,F13,HeartF78,F13,R192,Heart,E02,F,2,78,1,EC,2,2,F13_CKDL240007484-1A_22553JLT4_L6.featureCounts
G01_2,G01_2,G01,BoneF78,G01,RNA578,Bone,E02,F,2,78,1,EC,2,2,G1_CKDL240007484-1A_22553JLT4_L6.featureCounts
G21_2,G21_2,G21,BrainM78,G21,R29,Brain,A01,M,2,78,1,IG,2,2,G21_CKDL240007484-1A_22553JLT4_L6.featureCounts
H15_2,H15_2,H15,HeartF78,H15,R226,Heart,I06,F,2,78,2,EC,2,2,H15_CKDL240007484-1A_22553JLT4_L6.featureCounts
I08_2,I08_2,I08,EyeF78,I08,635,Eye,E02,F,2,78,NA,MRW,2,2,I8_CKDL240007484-1A_22553JLT4_L6.featureCounts
I20_2,I20_2,I20,EyeM78,I20,659,Eye,A01,M,2,78,NA,MRW,2,2,I20_CKDL240007484-1A_22553JLT4_L6.featureCounts
J17_2,J17_2,J17,SpleenM78,J17,RNA306,Spleen,A17,M,2,78,1,EC,2,2,J17_CKDL240007484-1A_22553JLT4_L6.featureCounts
J22_2,J22_2,J22,BrainF78,J22,R48,Brain,E02,F,2,78,2,EC,2,2,J22_CKDL240007484-1A_22553JLT4_L6.featureCounts
K17_2,K17_2,K17,SpleenF78,K17,RNA307,Spleen,E02,F,2,78,1,EC,2,2,K17_CKDL240007484-1A_22553JLT4_L6.featureCounts
L10_2,L10_2,L10,SpinalCordM78,L10,RNA434,SpinalCord,A17,M,2,78,2,JC,2,2,L10_CKDL240007484-1A_22553JLT4_L6.featureCounts
M06_2,M06_2,M06,FatF78,M06,RNA545,Fat,E02,F,2,78,2,EC,2,2,M6_CKDL240007484-1A_22553JLT4_L6.featureCounts
M20_2,M20_2,M20,EyeF78,M20,663,Eye,I06,F,2,78,NA,MRW,2,2,M20_CKDL240007484-1A_22553JLT4_L6.featureCounts
N13_2,N13_2,N13,HeartM78,N13,R200,Heart,A17,M,2,78,1,EC,2,2,N13_CKDL240007484-1A_22553JLT4_L6.featureCounts
P10_2,P10_2,P10,SpinalCordM78,P10,RNA438,SpinalCord,A01,M,2,78,2,JC,2,2,P10_CKDL240007484-1A_22553JLT4_L6.featureCounts
P16_2,P16_2,P16,EyeM78,P16,658,Eye,A17,M,2,78,NA,MRW,2,2,P16_CKDL240007484-1A_22553JLT4_L6.featureCounts
I22_1,I22_1,I22,GonadF155,I22,156,Ovary,C1,F,2,155,2,EC,1,1,I22_CKDL240007483-1A_22553JLT4_L7.featureCounts
F23_1,F23_1,F23,GonadM47,F23,169,Testis,J_1A_17,M,1A,47,2,EC,1,1,F23_CKDL240007483-1A_22553JLT4_L7.featureCounts
A9_1,A9_1,A9,KidneyF78,A9,R242,Kidney,E02,F,2,78,1,EC,1,1,A9_CKDL240007483-1A_22553JLT4_L7.featureCounts
D15_1,D15_1,D15,MuscleF78,D15,RNA497,Muscle,I06,F,2,78,2,EC,1,1,D15_CKDL240007483-1A_22553JLT4_L7.featureCounts
D17_1,D17_1,D17,SkinF78,D17,R80,Skin,I06,F,2,78,1,EC,1,1,D17_CKDL240007483-1A_22553JLT4_L7.featureCounts
O23_1,O23_1,O23,GonadM47,O23,178,Testis,J_1A_22,M,1A,47,2,JC,1,1,O23_CKDL240007483-1A_22553JLT4_L7.featureCounts
E1_1,E1_1,E1,GutM78,E1,RNA356,Gut,A01,M,2,78,1,EC,1,1,E1_CKDL240007483-1A_22553JLT4_L7.featureCounts
E13_1,E13_1,E13,MuscleM78,E13,RNA466,Muscle,A01,M,2,78,1,EC,1,1,E13_CKDL240007483-1A_22553JLT4_L7.featureCounts
E15_1,E15_1,E15,MuscleM78,E15,RNA498,Muscle,A17,M,2,78,2,EC,1,1,E15_CKDL240007483-1A_22553JLT4_L7.featureCounts
E17_1,E17_1,E17,SkinM78,E17,R81,Skin,A17,M,2,78,1,EC,1,1,E17_CKDL240007483-1A_22553JLT4_L7.featureCounts
E3_1,E3_1,E3,GutF78,E3,RNA388,Gut,I06,F,2,78,2,EC,1,1,E3_CKDL240007483-1A_22553JLT4_L7.featureCounts
E9_1,E9_1,E9,KidneyM78,E9,R246,Kidney,A01,M,2,78,1,EC,1,1,E9_CKDL240007483-1A_22553JLT4_L7.featureCounts
G5_1,G5_1,G5,LiverF78,G5,R7,Liver,E02,F,2,78,2,EC,1,1,G5_CKDL240007483-1A_22553JLT4_L7.featureCounts
G9_1,G9_1,G9,KidneyF78,G9,R248,Kidney,I06,F,2,78,1,EC,1,1,G9_CKDL240007483-1A_22553JLT4_L7.featureCounts
H5_1,H5_1,H5,LiverM78,H5,R8,Liver,A01,M,2,78,2,EC,1,1,H5_CKDL240007483-1A_22553JLT4_L7.featureCounts
I1_1,I1_1,I1,GutM78,I1,RNA360,Gut,A17,M,2,78,1,EC,1,1,I1_CKDL240007483-1A_22553JLT4_L7.featureCounts
I5_1,I5_1,I5,LiverF78,I5,R9,Liver,I06,F,2,78,2,EC,1,1,I5_CKDL240007483-1A_22553JLT4_L7.featureCounts
J13_1,J13_1,J13,MuscleF78,J13,RNA471,Muscle,E02,F,2,78,1,EC,1,1,J13_CKDL240007483-1A_22553JLT4_L7.featureCounts
J17_1,J17_1,J17,SkinF78,J17,R86,Skin,E02,F,2,78,1,EC,1,1,J17_CKDL240007483-1A_22553JLT4_L7.featureCounts
J5_1,J5_1,J5,LiverM78,J5,R10,Liver,A17,M,2,78,2,EC,1,1,J5_CKDL240007483-1A_22553JLT4_L7.featureCounts
L17_1,L17_1,L17,SkinM78,L17,R88,Skin,A01,M,2,78,1,EC,1,1,L17_CKDL240007483-1A_22553JLT4_L7.featureCounts
M23_1,M23_1,M23,GonadM49,M23,176,Testis,J_1B_2,M,1B,49,2,JC,1,1,M23_CKDL240007483-1A_22553JLT4_L7.featureCounts
L9_1,L9_1,L9,KidneyM78,L9,R253,Kidney,A17,M,2,78,1,EC,1,1,L9_CKDL240007483-1A_22553JLT4_L7.featureCounts
M2_1,M2_1,M2,GutF78,M2,RNA380,Gut,E02,F,2,78,1,JC,1,1,M2_CKDL240007483-1A_22553JLT4_L7.featureCounts
B17_2,B17_2,B17,SpleenM102,B17,RNA298,Spleen,E04,M,2,102,1,EC,2,2,B17_CKDL240007484-1A_22553JLT4_L6.featureCounts
B7_2,B7_2,B7,FatM102,B7,RNA550,Fat,E04,M,2,102,2,EC,2,2,B7_CKDL240007484-1A_22553JLT4_L6.featureCounts
C03_2,C03_2,C03,BoneF102,C03,RNA606,Bone,J05,F,2,102,2,EC,2,2,C3_CKDL240007484-1A_22553JLT4_L6.featureCounts
C21_2,C21_2,C21,BrainM102,C21,R25,Brain,F05,M,2,102,1,IG,2,2,C21_CKDL240007484-1A_22553JLT4_L6.featureCounts
D05_2,D05_2,D05,FatF102,D05,RNA520,Fat,A06,F,2,102,1,EC,2,2,D5_CKDL240007484-1A_22553JLT4_L6.featureCounts
D07_2,D07_2,D07,FatF102,D07,RNA552,Fat,J05,F,2,102,2,EC,2,2,D7_CKDL240007484-1A_22553JLT4_L6.featureCounts
D17_2,D17_2,D17,SpleenF102,D17,RNA300,Spleen,A06,F,2,102,1,EC,2,2,D17_CKDL240007484-1A_22553JLT4_L6.featureCounts
D21_2,D21_2,D21,BrainM102,D21,R26,Brain,E04,M,2,102,1,IG,2,2,D21_CKDL240007484-1A_22553JLT4_L6.featureCounts
E09_2,E09_2,E09,SpinalCordM102,E09,RNA411,SpinalCord,E04,M,2,102,1,EC,2,2,E9_CKDL240007484-1A_22553JLT4_L6.featureCounts
E15_2,E15_2,E15,HeartM102,E15,R223,Heart,E04,M,2,102,2,EC,2,2,E15_CKDL240007484-1A_22553JLT4_L6.featureCounts
E21_2,E21_2,E21,BrainF102,E21,R27,Brain,J05,F,2,102,1,IG,2,2,E21_CKDL240007484-1A_22553JLT4_L6.featureCounts
F09_2,F09_2,F09,SpinalCordM102,F09,RNA412,SpinalCord,F05,M,2,102,1,EC,2,2,F9_CKDL240007484-1A_22553JLT4_L6.featureCounts
F15_2,F15_2,F15,HeartF102,F15,R224,Heart,J05,F,2,102,2,EC,2,2,F15_CKDL240007484-1A_22553JLT4_L6.featureCounts
G17_2,G17_2,G17,SpleenM102,G17,RNA303,Spleen,F05,M,2,102,1,EC,2,2,G17_CKDL240007484-1A_22553JLT4_L6.featureCounts
H09_2,H09_2,H09,SpinalCordF102,H09,RNA414,SpinalCord,A06,F,2,102,1,EC,2,2,H9_CKDL240007484-1A_22553JLT4_L6.featureCounts
H17_2,H17_2,H17,SpleenF102,H17,RNA304,Spleen,J05,F,2,102,1,EC,2,2,H17_CKDL240007484-1A_22553JLT4_L6.featureCounts
J01_2,J01_2,J01,BoneM102,J01,RNA581,Bone,F05,M,2,102,1,EC,2,2,J1_CKDL240007484-1A_22553JLT4_L6.featureCounts
K01_2,K01_2,K01,BoneM102,K01,RNA582,Bone,E04,M,2,102,1,EC,2,2,K1_CKDL240007484-1A_22553JLT4_L6.featureCounts
K12_2,K12_2,K12,EyeF102,K12,645,Eye,F05,F,2,102,NA,MRW,2,2,K12_CKDL240007484-1A_22553JLT4_L6.featureCounts
L04_2,L04_2,L04,EyeM102,L04,630,Eye,A06,M,2,102,NA,MRW,2,2,L4_CKDL240007484-1A_22553JLT4_L6.featureCounts
L12_2,L12_2,L12,EyeM102,L12,646,Eye,J05,M,2,102,NA,MRW,2,2,L12_CKDL240007484-1A_22553JLT4_L6.featureCounts
L13_2,L13_2,L13,HeartF102,L13,R198,Heart,A06,F,2,102,1,EC,2,2,L13_CKDL240007484-1A_22553JLT4_L6.featureCounts
L21_2,L21_2,L21,BrainF102,L21,R34,Brain,A06,F,2,102,1,IG,2,2,L21_CKDL240007484-1A_22553JLT4_L6.featureCounts
M10_2,M10_2,M10,SpinalCordF102,M10,RNA435,SpinalCord,J05,F,2,102,2,JC,2,2,M10_CKDL240007484-1A_22553JLT4_L6.featureCounts
M13_2,M13_2,M13,HeartM102,M13,R199,Heart,F05,M,2,102,1,EC,2,2,M13_CKDL240007484-1A_22553JLT4_L6.featureCounts
N06_2,N06_2,N06,FatM102,N06,RNA546,Fat,F05,M,2,102,2,EC,2,2,N6_CKDL240007484-1A_22553JLT4_L6.featureCounts
P12_2,P12_2,P12,EyeF102,P12,650,Eye,E04,F,2,102,NA,MRW,2,2,P12_CKDL240007484-1A_22553JLT4_L6.featureCounts
B15_1,B15_1,B15,MuscleM102,B15,RNA495,Muscle,E04,M,2,102,2,EC,1,1,B15_CKDL240007483-1A_22553JLT4_L7.featureCounts
B5_1,B5_1,B5,LiverF102,B5,R2,Liver,J05,F,2,102,2,EC,1,1,B5_CKDL240007483-1A_22553JLT4_L7.featureCounts
C3_1,C3_1,C3,GutF102,C3,RNA386,Gut,A06,F,2,102,1,JC,1,1,C3_CKDL240007483-1A_22553JLT4_L7.featureCounts
D13_1,D13_1,D13,MuscleF102,D13,RNA465,Muscle,A06,F,2,102,1,EC,1,1,D13_CKDL240007483-1A_22553JLT4_L7.featureCounts
D5_1,D5_1,D5,LiverM102,D5,R4,Liver,F05,M,2,102,2,EC,1,1,D5_CKDL240007483-1A_22553JLT4_L7.featureCounts
E11_1,E11_1,E11,KidneyF102,E11,R278,Kidney,A06,F,2,102,2,JC,1,1,E11_CKDL240007483-1A_22553JLT4_L7.featureCounts
F6_1,F6_1,F6,LiverM102,F6,R22,Liver,E04,M,2,102,2,IG,1,1,F6_CKDL240007483-1A_22553JLT4_L7.featureCounts
G13_1,G13_1,G13,MuscleF102,G13,RNA468,Muscle,J05,F,2,102,1,EC,1,1,G13_CKDL240007483-1A_22553JLT4_L7.featureCounts
N23_1,N23_1,N23,GonadM49,N23,177,Testis,J_1B_12,M,1B,49,2,JC,1,1,N23_CKDL240007483-1A_22553JLT4_L7.featureCounts
I11_1,I11_1,I11,KidneyF102,I11,R282,Kidney,J05,F,2,102,2,JC,1,1,I11_CKDL240007483-1A_22553JLT4_L7.featureCounts
J11_1,J11_1,J11,KidneyM102,J11,R283,Kidney,E04,M,2,102,2,JC,1,1,J11_CKDL240007483-1A_22553JLT4_L7.featureCounts
K17_1,K17_1,K17,SkinF102,K17,R87,Skin,A06,F,2,102,1,EC,1,1,K17_CKDL240007483-1A_22553JLT4_L7.featureCounts
L18_1,L18_1,L18,SkinF102,L18,R104,Skin,J05,F,2,102,2,IG,1,1,L18_CKDL240007483-1A_22553JLT4_L7.featureCounts
G21_1,G21_1,G21,GonadM52,G21,138,Testis,H_02,M,2,52,1,EC,1,1,G21_CKDL240007483-1A_22553JLT4_L7.featureCounts
M14_1,M14_1,M14,MuscleM102,M14,RNA490,Muscle,F05,M,2,102,2,EC,1,1,M14_CKDL240007483-1A_22553JLT4_L7.featureCounts
J22_1,J22_1,J22,GonadM52,J22,157,Testis,E_01,M,2,52,2,EC,1,1,J22_CKDL240007483-1A_22553JLT4_L7.featureCounts
N18_1,N18_1,N18,SkinM102,N18,R106,Skin,E04,M,2,102,2,IG,1,1,N18_CKDL240007483-1A_22553JLT4_L7.featureCounts
N2_1,N2_1,N2,GutM102,N2,RNA381,Gut,F05,M,2,102,1,JC,1,1,N2_CKDL240007483-1A_22553JLT4_L7.featureCounts
N5_1,N5_1,N5,LiverF102,N5,R14,Liver,A06,F,2,102,2,IG,1,1,N5_CKDL240007483-1A_22553JLT4_L7.featureCounts
O18_1,O18_1,O18,SkinM102,O18,R107,Skin,F05,M,2,102,2,IG,1,1,O18_CKDL240007483-1A_22553JLT4_L7.featureCounts
O2_1,O2_1,O2,GutF102,O2,RNA382,Gut,J05,F,2,102,1,JC,1,1,O2_CKDL240007483-1A_22553JLT4_L7.featureCounts
O9_1,O9_1,O9,KidneyM102,O9,R256,Kidney,F05,M,2,102,1,JC,1,1,O9_CKDL240007483-1A_22553JLT4_L7.featureCounts
P2_1,P2_1,P2,GutM102,P2,RNA383,Gut,E04,M,2,102,1,JC,1,1,P2_CKDL240007483-1A_22553JLT4_L7.featureCounts
A24_1,A24_1,A24,GonadM75,A24,180,Testis,J_1A_13,M,1A,75,2,JC,1,1,A24_CKDL240007483-1A_22553JLT4_L7.featureCounts
A14_2,A14_2,A14,HeartM103,A14,R203,Heart,P_1A_10,M,1A,103,1,JC,2,2,A14_CKDL240007484-1A_22553JLT4_L6.featureCounts
A15_2,A15_2,A15,HeartM103,A15,R219,Heart,J_1A_25,M,1A,103,1,JC,2,2,A15_CKDL240007484-1A_22553JLT4_L6.featureCounts
A24_2,A24_2,A24,BrainM103,A24,R71,Brain,J_1A_25,M,1A,103,2,IG,2,2,A24_CKDL240007484-1A_22553JLT4_L6.featureCounts
B10_2,B10_2,B10,SpinalCordM103,B10,RNA424,SpinalCord,J_1A_25,M,1A,103,1,EC,2,2,B10_CKDL240007484-1A_22553JLT4_L6.featureCounts
B16_2,B16_2,B16,HeartF103,B16,R236,Heart,P_1A_2,F,1A,103,2,EC,2,2,B16_CKDL240007484-1A_22553JLT4_L6.featureCounts
C08_2,C08_2,C08,FatM103,C08,RNA567,Fat,J_1A_25,M,1A,103,3,EC,2,2,C8_CKDL240007484-1A_22553JLT4_L6.featureCounts
C22_2,C22_2,C22,BrainF103,C22,R41,Brain,P_1A_2,F,1A,103,1,EC,2,2,C22_CKDL240007484-1A_22553JLT4_L6.featureCounts
E23_2,E23_2,E23,BrainM103,E23,R59,Brain,P_1A_10,M,1A,103,2,EC,2,2,E23_CKDL240007484-1A_22553JLT4_L6.featureCounts
G06_2,G06_2,G06,FatM103,G06,RNA539,Fat,P_1A_10,M,1A,103,2,EC,2,2,G6_CKDL240007484-1A_22553JLT4_L6.featureCounts
I02_2,I02_2,I02,BoneF103,I02,RNA596,Bone,P_1A_2,F,1A,103,2,EC,2,2,I2_CKDL240007484-1A_22553JLT4_L6.featureCounts
I04_2,I04_2,I04,EyeF103,I04,627,Eye,P_1A_2,F,1A,103,NA,MRW,2,2,I4_CKDL240007484-1A_22553JLT4_L6.featureCounts
J12_2,J12_2,J12,EyeM103,J12,644,Eye,NA,M,NA,103,NA,MRW,2,2,J12_CKDL240007484-1A_22553JLT4_L6.featureCounts
J18_2,J18_2,J18,SpleenF103,J18,RNA322,Spleen,P_1A_2,F,1A,103,1,JC,2,2,J18_CKDL240007484-1A_22553JLT4_L6.featureCounts
K03_2,K03_2,K03,BoneM103,K03,RNA614,Bone,J_1A_25,M,1A,103,3,EC,2,2,K3_CKDL240007484-1A_22553JLT4_L6.featureCounts
K04_2,K04_2,K04,EyeF103,K04,629,Eye,NA,F,NA,103,NA,MRW,2,2,K4_CKDL240007484-1A_22553JLT4_L6.featureCounts
M09_2,M09_2,M09,SpinalCordF103,M09,RNA419,SpinalCord,P_1A_2,F,1A,103,1,EC,2,2,M9_CKDL240007484-1A_22553JLT4_L6.featureCounts
M16_2,M16_2,M16,EyeF103,M16,655,Eye,NA,F,NA,103,NA,MRW,2,2,M16_CKDL240007484-1A_22553JLT4_L6.featureCounts
M17_2,M17_2,M17,SpleenM103,M17,RNA309,Spleen,P_1A_10,M,1A,103,1,EC,2,2,M17_CKDL240007484-1A_22553JLT4_L6.featureCounts
N11_2,N11_2,N11,SpinalCordM103,N11,RNA452,SpinalCord,P_1A_10,M,1A,103,2,EC,2,2,N11_CKDL240007484-1A_22553JLT4_L6.featureCounts
O04_2,O04_2,O04,EyeM103,O04,633,Eye,P_1A_10,M,1A,103,NA,MRW,2,2,O4_CKDL240007484-1A_22553JLT4_L6.featureCounts
O07_2,O07_2,O07,FatF103,O07,RNA563,Fat,P_1A_2,F,1A,103,3,EC,2,2,O7_CKDL240007484-1A_22553JLT4_L6.featureCounts
O12_2,O12_2,O12,EyeF103,O12,649,Eye,NA,F,NA,103,NA,MRW,2,2,O12_CKDL240007484-1A_22553JLT4_L6.featureCounts
O19_2,O19_2,O19,SpleenM103,O19,RNA343,Spleen,J_1A_25,M,1A,103,2,EC,2,2,O19_CKDL240007484-1A_22553JLT4_L6.featureCounts
P08_2,P08_2,P08,EyeM103,P08,642,Eye,J_1A_25,M,1A,103,NA,MRW,2,2,P8_CKDL240007484-1A_22553JLT4_L6.featureCounts
A16_1,A16_1,A16,MuscleF103,A16,RNA510,Muscle,P_1A_2,F,1A,103,3,EC,1,1,A16_CKDL240007483-1A_22553JLT4_L7.featureCounts
B2_1,B2_1,B2,GutM103,B2,RNA369,Gut,P_1A_10,M,1A,103,1,EC,1,1,B2_CKDL240007483-1A_22553JLT4_L7.featureCounts
D14_1,D14_1,D14,MuscleM103,D14,RNA481,Muscle,P_1A_10,M,1A,103,2,EC,1,1,D14_CKDL240007483-1A_22553JLT4_L7.featureCounts
D18_1,D18_1,D18,SkinF103,D18,R96,Skin,P_1A_2,F,1A,103,1,IG,1,1,D18_CKDL240007483-1A_22553JLT4_L7.featureCounts
D19_1,D19_1,D19,SkinM103,D19,R112,Skin,J_1A_25,M,1A,103,2,IG,1,1,D19_CKDL240007483-1A_22553JLT4_L7.featureCounts
B22_1,B22_1,B22,GonadM77,B22,149,Testis,J_1B_20,M,1B,77,1,IG,1,1,B22_CKDL240007483-1A_22553JLT4_L7.featureCounts
E10_1,E10_1,E10,KidneyF103,E10,R262,Kidney,P_1A_2,F,1A,103,1,JC,1,1,E10_CKDL240007483-1A_22553JLT4_L7.featureCounts
I23_1,I23_1,I23,GonadM77,I23,172,Testis,J_1B_13,M,1B,77,2,JC,1,1,I23_CKDL240007483-1A_22553JLT4_L7.featureCounts
F12_1,F12_1,F12,KidneyM103,F12,R295,Kidney,P_1A_10,M,1A,103,2,EC,1,1,F12_CKDL240007483-1A_22553JLT4_L7.featureCounts
G12_1,G12_1,G12,KidneyM103,G12,R296,Kidney,J_1A_25,M,1A,103,2,EC,1,1,G12_CKDL240007483-1A_22553JLT4_L7.featureCounts
G2_1,G2_1,G2,GutF103,G2,RNA374,Gut,P_1A_2,F,1A,103,1,JC,1,1,G2_CKDL240007483-1A_22553JLT4_L7.featureCounts
I19_1,I19_1,I19,SkinM103,I19,R117,Skin,P_1A_10,M,1A,103,2,EC,1,1,I19_CKDL240007483-1A_22553JLT4_L7.featureCounts
I3_1,I3_1,I3,GutM103,I3,RNA392,Gut,J_1A_25,M,1A,103,2,EC,1,1,I3_CKDL240007483-1A_22553JLT4_L7.featureCounts
N13_1,N13_1,N13,MuscleM103,N13,RNA475,Muscle,J_1A_25,M,1A,103,1,EC,1,1,N13_CKDL240007483-1A_22553JLT4_L7.featureCounts
A21_1,A21_1,A21,GonadM78,A21,132,Testis,A01,M,2,78,1,EC,1,1,A21_CKDL240007483-1A_22553JLT4_L7.featureCounts
O6_1,O6_1,O6,LiverM103,O6,RNA672,Liver,P_1A_10,M,1A,103,1,EC,1,1,O6_CKDL240007483-1A_22553JLT4_L7.featureCounts
O7_1,O7_1,O7,LiverF103,O7,RNA688,Liver,P_1A_2,F,1A,103,1,IG,1,1,O7_CKDL240007483-1A_22553JLT4_L7.featureCounts
P7_1,P7_1,P7,LiverM103,P7,RNA689,Liver,J_1A_25,M,1A,103,1,IG,1,1,P7_CKDL240007483-1A_22553JLT4_L7.featureCounts
A04_2,A04_2,A04,BoneF133,A04,RNA620,Bone,J-1B-18,F,1B,133,3,EC,2,2,A4_CKDL240007484-1A_22553JLT4_L6.featureCounts
B2_2,B2_2,B2,BoneM133,B2,RNA589,Bone,P_1B_2,M,1B,133,1,EC,2,2,B2_CKDL240007484-1A_22553JLT4_L6.featureCounts
B24_2,B24_2,B24,BrainM133,B24,R72,Brain,P_1B_2,M,1B,133,2,IG,2,2,B24_CKDL240007484-1A_22553JLT4_L6.featureCounts
B6_2,B6_2,B6,FatF133,B6,RNA534,Fat,J-1B-6,F,1B,133,1,EC,2,2,B6_CKDL240007484-1A_22553JLT4_L6.featureCounts
C02_2,C02_2,C02,BoneM133,C02,RNA590,Bone,P_1B_10,M,1B,133,2,EC,2,2,C2_CKDL240007484-1A_22553JLT4_L6.featureCounts
C24_2,C24_2,C24,BrainM133,C24,R73,Brain,P_1A_4,M,1A,133,2,IG,2,2,C24_CKDL240007484-1A_22553JLT4_L6.featureCounts
D04_2,D04_2,D04,BoneM133,D04,RNA623,Bone,P_1A_4,M,1A,133,3,EC,2,2,D4_CKDL240007484-1A_22553JLT4_L6.featureCounts
D06_2,D06_2,D06,FatM133,D06,RNA536,Fat,P_1A_6,M,1A,133,2,EC,2,2,D6_CKDL240007484-1A_22553JLT4_L6.featureCounts
D12_2,D12_2,D12,SpinalCordM133,D12,RNA458,SpinalCord,P_1B_10,M,1B,133,2,EC,2,2,D12_CKDL240007484-1A_22553JLT4_L6.featureCounts
D14_2,D14_2,D14,HeartF133,D14,R206,Heart,J-1B-18,F,1B,133,1,JC,2,2,D14_CKDL240007484-1A_22553JLT4_L6.featureCounts
D18_2,D18_2,D18,SpleenM133,D18,RNA316,Spleen,P_1A_4,M,1A,133,1,JC,2,2,D18_CKDL240007484-1A_22553JLT4_L6.featureCounts
E10_2,E10_2,E10,SpinalCordM133,E10,RNA427,SpinalCord,P_1A_4,M,1A,133,2,JC,2,2,E10_CKDL240007484-1A_22553JLT4_L6.featureCounts
F10_2,F10_2,F10,SpinalCordM133,F10,RNA428,SpinalCord,P_1B_2,M,1B,133,2,JC,2,2,F10_CKDL240007484-1A_22553JLT4_L6.featureCounts
G19_2,G19_2,G19,SpleenF133,G19,RNA335,Spleen,J-1B-18,F,1B,133,2,EC,2,2,G19_CKDL240007484-1A_22553JLT4_L6.featureCounts
H02_2,H02_2,H02,BoneF133,H02,RNA595,Bone,J-1B-6,F,1B,133,2,EC,2,2,H2_CKDL240007484-1A_22553JLT4_L6.featureCounts
H07_2,H07_2,H07,FatM133,H07,RNA556,Fat,P_1A_4,M,1A,133,3,EC,2,2,H7_CKDL240007484-1A_22553JLT4_L6.featureCounts
I07_2,I07_2,I07,FatM133,I07,RNA557,Fat,P_1B_2,M,1B,133,3,EC,2,2,I7_CKDL240007484-1A_22553JLT4_L6.featureCounts
I23_2,I23_2,I23,BrainF133,I23,R63,Brain,J-1B-18,F,1B,133,2,IG,2,2,I23_CKDL240007484-1A_22553JLT4_L6.featureCounts
J02_2,J02_2,J02,BoneM133,J02,RNA597,Bone,P_1A_6,M,1A,133,2,EC,2,2,J2_CKDL240007484-1A_22553JLT4_L6.featureCounts
J07_2,J07_2,J07,FatF133,J07,RNA558,Fat,J-1B-18,F,1B,133,3,EC,2,2,J7_CKDL240007484-1A_22553JLT4_L6.featureCounts
J11_2,J11_2,J11,SpinalCordF133,J11,RNA448,SpinalCord,J-1B-6,F,1B,133,2,EC,2,2,J11_CKDL240007484-1A_22553JLT4_L6.featureCounts
K10_2,K10_2,K10,SpinalCordM133,K10,RNA433,SpinalCord,P_1A_6,M,1A,133,2,JC,2,2,K10_CKDL240007484-1A_22553JLT4_L6.featureCounts
K11_2,K11_2,K11,SpinalCordF133,K11,RNA449,SpinalCord,J-1B-18,F,1B,133,2,EC,2,2,K11_CKDL240007484-1A_22553JLT4_L6.featureCounts
K18_2,K18_2,K18,SpleenM133,K18,RNA323,Spleen,P_1B_10,M,1B,133,1,JC,2,2,K18_CKDL240007484-1A_22553JLT4_L6.featureCounts
K23_2,K23_2,K23,BrainM133,K23,R65,Brain,P_1A_6,M,1A,133,2,IG,2,2,K23_CKDL240007484-1A_22553JLT4_L6.featureCounts
L14_2,L14_2,L14,HeartM133,L14,R214,Heart,P_1B_10,M,1B,133,1,JC,2,2,L14_CKDL240007484-1A_22553JLT4_L6.featureCounts
L17_2,L17_2,L17,SpleenM133,L17,RNA308,Spleen,P_1A_6,M,1A,133,1,EC,2,2,L17_CKDL240007484-1A_22553JLT4_L6.featureCounts
M14_2,M14_2,M14,HeartF133,M14,R215,Heart,J-1B-6,F,1B,133,1,JC,2,2,M14_CKDL240007484-1A_22553JLT4_L6.featureCounts
M23_2,M23_2,M23,BrainM133,M23,R67,Brain,P_1B_10,M,1B,133,2,IG,2,2,M23_CKDL240007484-1A_22553JLT4_L6.featureCounts
N16_2,N16_2,N16,EyeM133,N16,656,Eye,P_1A_4,M,1A,133,NA,MRW,2,2,N16_CKDL240007484-1A_22553JLT4_L6.featureCounts
O05_2,O05_2,O05,FatM133,O05,RNA531,Fat,P_1B_10,M,1B,133,1,EC,2,2,O5_CKDL240007484-1A_22553JLT4_L6.featureCounts
O14_2,O14_2,O14,HeartM133,O14,R217,Heart,P_1A_4,M,1A,133,1,JC,2,2,O14_CKDL240007484-1A_22553JLT4_L6.featureCounts
O15_2,O15_2,O15,HeartM133,O15,R233,Heart,P_1A_6,M,1A,133,2,EC,2,2,O15_CKDL240007484-1A_22553JLT4_L6.featureCounts
O17_2,O17_2,O17,SpleenM133,O17,RNA311,Spleen,P_1B_2,M,1B,133,1,EC,2,2,O17_CKDL240007484-1A_22553JLT4_L6.featureCounts
P13_2,P13_2,P13,HeartM133,P13,R202,Heart,P_1B_2,M,1B,133,1,JC,2,2,P13_CKDL240007484-1A_22553JLT4_L6.featureCounts
P17_2,P17_2,P17,SpleenF133,P17,RNA312,Spleen,J-1B-6,F,1B,133,1,EC,2,2,P17_CKDL240007484-1A_22553JLT4_L6.featureCounts
P23_2,P23_2,P23,BrainF133,P23,R70,Brain,J-1B-6,F,1B,133,2,IG,2,2,P23_CKDL240007484-1A_22553JLT4_L6.featureCounts
A10_1,A10_1,A10,KidneyM133,A10,R258,Kidney,P_1B_10,M,1B,133,1,JC,1,1,A10_CKDL240007483-1A_22553JLT4_L7.featureCounts
A2_1,A2_1,A2,GutM133,A2,RNA368,Gut,P_1B_2,M,1B,133,1,EC,1,1,A2_CKDL240007483-1A_22553JLT4_L7.featureCounts
A7_1,A7_1,A7,LiverF133,A7,RNA674,Liver,J_1B_18,F,1B,133,1,EC,1,1,A7_CKDL240007483-1A_22553JLT4_L7.featureCounts
A8_1,A8_1,A8,LiverM133,A8,RNA690,Liver,P_1A_6,M,1A,133,1,IG,1,1,A8_CKDL240007483-1A_22553JLT4_L7.featureCounts
B16_1,B16_1,B16,MuscleM133,B16,RNA511,Muscle,P_1A_4,M,1A,133,3,EC,1,1,B16_CKDL240007483-1A_22553JLT4_L7.featureCounts
B7_1,B7_1,B7,LiverM133,B7,RNA675,Liver,P_1B_10,M,1B,133,1,EC,1,1,B7_CKDL240007483-1A_22553JLT4_L7.featureCounts
B8_1,B8_1,B8,LiverF133,B8,RNA691,Liver,J_1B_6,F,1B,133,1,IG,1,1,B8_CKDL240007483-1A_22553JLT4_L7.featureCounts
C10_1,C10_1,C10,KidneyM133,C10,R260,Kidney,P_1A_4,M,1A,133,1,JC,1,1,C10_CKDL240007483-1A_22553JLT4_L7.featureCounts
C19_1,C19_1,C19,SkinF133,C19,R111,Skin,J-1B-6,F,1B,133,2,IG,1,1,C19_CKDL240007483-1A_22553JLT4_L7.featureCounts
C2_1,C2_1,C2,GutM133,C2,RNA370,Gut,P_1A_4,M,1A,133,1,JC,1,1,C2_CKDL240007483-1A_22553JLT4_L7.featureCounts
C4_1,C4_1,C4,GutM133,C4,RNA402,Gut,P_1A_6,M,1A,133,2,EC,1,1,C4_CKDL240007483-1A_22553JLT4_L7.featureCounts
C8_1,C8_1,C8,LiverM133,C8,RNA692,Liver,P_1B_2,M,1B,133,1,IG,1,1,C8_CKDL240007483-1A_22553JLT4_L7.featureCounts
D10_1,D10_1,D10,KidneyM133,D10,R261,Kidney,P_1B_2,M,1B,133,1,JC,1,1,D10_CKDL240007483-1A_22553JLT4_L7.featureCounts
L22_1,L22_1,L22,GonadM78,L22,159,Testis,A17,M,2,78,2,EC,1,1,L22_CKDL240007483-1A_22553JLT4_L7.featureCounts
H21_1,H21_1,H21,GonadM102,H21,139,Testis,E04,M,2,102,1,EC,1,1,H21_CKDL240007483-1A_22553JLT4_L7.featureCounts
F15_1,F15_1,F15,MuscleM133,F15,RNA499,Muscle,P_1B_10,M,1B,133,3,EC,1,1,F15_CKDL240007483-1A_22553JLT4_L7.featureCounts
G18_1,G18_1,G18,SkinM133,G18,R99,Skin,P_1A_6,M,1A,133,1,IG,1,1,G18_CKDL240007483-1A_22553JLT4_L7.featureCounts
G3_1,G3_1,G3,GutF133,G3,RNA390,Gut,J-1B-6,F,1B,133,2,EC,1,1,G3_CKDL240007483-1A_22553JLT4_L7.featureCounts
H14_1,H14_1,H14,MuscleM133,H14,RNA485,Muscle,P_1A_6,M,1A,133,2,EC,1,1,H14_CKDL240007483-1A_22553JLT4_L7.featureCounts
I10_1,I10_1,I10,KidneyF133,I10,R266,Kidney,J-1B-18,F,1B,133,1,JC,1,1,I10_CKDL240007483-1A_22553JLT4_L7.featureCounts
I15_1,I15_1,I15,MuscleF133,I15,RNA502,Muscle,J-1B-18,F,1B,133,3,EC,1,1,I15_CKDL240007483-1A_22553JLT4_L7.featureCounts
J10_1,J10_1,J10,KidneyF133,J10,R267,Kidney,J-1B-6,F,1B,133,1,JC,1,1,J10_CKDL240007483-1A_22553JLT4_L7.featureCounts
J14_1,J14_1,J14,MuscleF133,J14,RNA487,Muscle,J-1B-6,F,1B,133,2,EC,1,1,J14_CKDL240007483-1A_22553JLT4_L7.featureCounts
J19_1,J19_1,J19,SkinF133,J19,R118,Skin,J-1B-18,F,1B,133,2,EC,1,1,J19_CKDL240007483-1A_22553JLT4_L7.featureCounts
J2_1,J2_1,J2,GutF133,J2,RNA377,Gut,J-1B-18,F,1B,133,1,JC,1,1,J2_CKDL240007483-1A_22553JLT4_L7.featureCounts
K19_1,K19_1,K19,SkinM133,K19,R119,Skin,P_1B_2,M,1B,133,2,EC,1,1,K19_CKDL240007483-1A_22553JLT4_L7.featureCounts
L21_1,L21_1,L21,GonadM102,L21,143,Testis,F05,M,2,102,1,EC,1,1,L21_CKDL240007483-1A_22553JLT4_L7.featureCounts
M10_1,M10_1,M10,KidneyM133,M10,R270,Kidney,P_1A_6,M,1A,133,2,JC,1,1,M10_CKDL240007483-1A_22553JLT4_L7.featureCounts
M17_1,M17_1,M17,SkinM133,M17,R89,Skin,P_1A_4,M,1A,133,1,IG,1,1,M17_CKDL240007483-1A_22553JLT4_L7.featureCounts
D23_1,D23_1,D23,GonadM103,D23,167,Testis,P_1A_10,M,1A,103,2,EC,1,1,D23_CKDL240007483-1A_22553JLT4_L7.featureCounts
M3_1,M3_1,M3,GutM133,M3,RNA396,Gut,P_1B_10,M,1B,133,2,EC,1,1,M3_CKDL240007483-1A_22553JLT4_L7.featureCounts
O15_1,O15_1,O15,MuscleM133,O15,RNA508,Muscle,P_1B_2,M,1B,133,3,EC,1,1,O15_CKDL240007483-1A_22553JLT4_L7.featureCounts
P19_1,P19_1,P19,SkinM133,P19,R124,Skin,P_1B_10,M,1B,133,2,EC,1,1,P19_CKDL240007483-1A_22553JLT4_L7.featureCounts
P6_1,P6_1,P6,LiverM133,P6,RNA673,Liver,P_1A_4,M,1A,133,1,EC,1,1,P6_CKDL240007483-1A_22553JLT4_L7.featureCounts
B01_2,B01_2,B01,BoneM134,B01,RNA573,Bone,D12,M,2,134,1,EC,2,2,B1_CKDL240007484-1A_22553JLT4_L6.featureCounts
B13_2,B13_2,B13,HeartM134,B13,R188,Heart,D12,M,2,134,1,EC,2,2,B13_CKDL240007484-1A_22553JLT4_L6.featureCounts
B5_2,B5_2,B5,FatF134,B5,RNA518,Fat,I05,F,2,134,1,EC,2,2,B5_CKDL240007484-1A_22553JLT4_L6.featureCounts
D19_2,D19_2,D19,SpleenM134,D19,RNA332,Spleen,D12,M,2,134,1,JC,2,2,D19_CKDL240007484-1A_22553JLT4_L6.featureCounts
E07_2,E07_2,E07,FatM134,E07,RNA553,Fat,B01,M,2,134,3,EC,2,2,E7_CKDL240007484-1A_22553JLT4_L6.featureCounts
E13_2,E13_2,E13,HeartM134,E13,R191,Heart,B01,M,2,134,1,EC,2,2,E13_CKDL240007484-1A_22553JLT4_L6.featureCounts
E19_2,E19_2,E19,SpleenF134,E19,RNA333,Spleen,C04,F,2,134,2,EC,2,2,E19_CKDL240007484-1A_22553JLT4_L6.featureCounts
F11_2,F11_2,F11,SpinalCordM134,F11,RNA444,SpinalCord,D12,M,2,134,2,EC,2,2,F11_CKDL240007484-1A_22553JLT4_L6.featureCounts
F17_2,F17_2,F17,SpleenM134,F17,RNA302,Spleen,B01,M,2,134,1,EC,2,2,F17_CKDL240007484-1A_22553JLT4_L6.featureCounts
F21_2,F21_2,F21,BrainM134,F21,R28,Brain,B01,M,2,134,1,IG,2,2,F21_CKDL240007484-1A_22553JLT4_L6.featureCounts
G09_2,G09_2,G09,SpinalCordM134,G09,RNA413,SpinalCord,B01,M,2,134,1,EC,2,2,G9_CKDL240007484-1A_22553JLT4_L6.featureCounts
H21_2,H21_2,H21,BrainM134,H21,R30,Brain,D12,M,2,134,1,IG,2,2,H21_CKDL240007484-1A_22553JLT4_L6.featureCounts
I01_2,I01_2,I01,BoneM134,I01,RNA580,Bone,B01,M,2,134,1,EC,2,2,I1_CKDL240007484-1A_22553JLT4_L6.featureCounts
I05_2,I05_2,I05,FatF134,I05,RNA525,Fat,C04,F,2,134,1,EC,2,2,I5_CKDL240007484-1A_22553JLT4_L6.featureCounts
J13_2,J13_2,J13,HeartF134,J13,R196,Heart,I05,F,2,134,1,EC,2,2,J13_CKDL240007484-1A_22553JLT4_L6.featureCounts
K02_2,K02_2,K02,BoneF134,K02,RNA598,Bone,C04,F,2,134,2,EC,2,2,K2_CKDL240007484-1A_22553JLT4_L6.featureCounts
K05_2,K05_2,K05,FatM134,K05,RNA527,Fat,D12,M,2,134,1,EC,2,2,K5_CKDL240007484-1A_22553JLT4_L6.featureCounts
K09_2,K09_2,K09,SpinalCordF134,K09,RNA417,SpinalCord,I05,F,2,134,1,EC,2,2,K9_CKDL240007484-1A_22553JLT4_L6.featureCounts
K15_2,K15_2,K15,HeartF134,K15,R229,Heart,C04,F,2,134,2,EC,2,2,K15_CKDL240007484-1A_22553JLT4_L6.featureCounts
K22_2,K22_2,K22,BrainF134,K22,R49,Brain,C04,F,2,134,2,EC,2,2,K22_CKDL240007484-1A_22553JLT4_L6.featureCounts
L02_2,L02_2,L02,BoneF134,L02,RNA599,Bone,I05,F,2,134,2,EC,2,2,L2_CKDL240007484-1A_22553JLT4_L6.featureCounts
N10_2,N10_2,N10,SpinalCordF134,N10,RNA436,SpinalCord,C04,F,2,134,2,JC,2,2,N10_CKDL240007484-1A_22553JLT4_L6.featureCounts
O22_2,O22_2,O22,BrainF134,O22,R53,Brain,I05,F,2,134,2,EC,2,2,O22_CKDL240007484-1A_22553JLT4_L6.featureCounts
P18_2,P18_2,P18,SpleenF134,P18,RNA328,Spleen,I05,F,2,134,1,JC,2,2,P18_CKDL240007484-1A_22553JLT4_L6.featureCounts
A13_1,A13_1,A13,MuscleM134,A13,RNA462,Muscle,D12,M,2,134,1,EC,1,1,A13_CKDL240007483-1A_22553JLT4_L7.featureCounts
A17_1,A17_1,A17,SkinF134,A17,R77,Skin,C04,F,2,134,1,EC,1,1,A17_CKDL240007483-1A_22553JLT4_L7.featureCounts
A3_1,A3_1,A3,GutF134,A3,RNA384,Gut,I05,F,2,134,1,JC,1,1,A3_CKDL240007483-1A_22553JLT4_L7.featureCounts
A5_1,A5_1,A5,LiverM134,A5,R1,Liver,B01,M,2,134,2,EC,1,1,A5_CKDL240007483-1A_22553JLT4_L7.featureCounts
B1_1,B1_1,B1,GutM134,B1,RNA353,Gut,B01,M,2,134,1,EC,1,1,B1_CKDL240007483-1A_22553JLT4_L7.featureCounts
B6_1,B6_1,B6,LiverF134,B6,R18,Liver,I05,F,2,134,2,IG,1,1,B6_CKDL240007483-1A_22553JLT4_L7.featureCounts
B9_1,B9_1,B9,KidneyF134,B9,R243,Kidney,I05,F,2,134,1,EC,1,1,B9_CKDL240007483-1A_22553JLT4_L7.featureCounts
C13_1,C13_1,C13,MuscleM134,C13,RNA464,Muscle,B01,M,2,134,1,EC,1,1,C13_CKDL240007483-1A_22553JLT4_L7.featureCounts
C15_1,C15_1,C15,MuscleF134,C15,RNA496,Muscle,C04,F,2,134,2,EC,1,1,C15_CKDL240007483-1A_22553JLT4_L7.featureCounts
E23_1,E23_1,E23,GonadM103,E23,168,Testis,J_1A_25,M,1A,103,2,EC,1,1,E23_CKDL240007483-1A_22553JLT4_L7.featureCounts
D9_1,D9_1,D9,KidneyM134,D9,R245,Kidney,B01,M,2,134,1,EC,1,1,D9_CKDL240007483-1A_22553JLT4_L7.featureCounts
D24_1,D24_1,D24,GonadM133,D24,183,Testis,P_1B_2,M,1B,133,2,JC,1,1,D24_CKDL240007483-1A_22553JLT4_L7.featureCounts
E6_1,E6_1,E6,LiverF134,E6,R21,Liver,C04,F,2,134,2,IG,1,1,E6_CKDL240007483-1A_22553JLT4_L7.featureCounts
F17_1,F17_1,F17,SkinM134,F17,R82,Skin,B01,M,2,134,1,EC,1,1,F17_CKDL240007483-1A_22553JLT4_L7.featureCounts
G17_1,G17_1,G17,SkinF134,G17,R83,Skin,I05,F,2,134,1,EC,1,1,G17_CKDL240007483-1A_22553JLT4_L7.featureCounts
I9_1,I9_1,I9,KidneyM134,I9,R250,Kidney,D12,M,2,134,1,EC,1,1,I9_CKDL240007483-1A_22553JLT4_L7.featureCounts
J1_1,J1_1,J1,GutM134,J1,RNA361,Gut,D12,M,2,134,1,EC,1,1,J1_CKDL240007483-1A_22553JLT4_L7.featureCounts
J9_1,J9_1,J9,KidneyF134,J9,R251,Kidney,C04,F,2,134,1,EC,1,1,J9_CKDL240007483-1A_22553JLT4_L7.featureCounts
K1_1,K1_1,K1,GutF134,K1,RNA362,Gut,C04,F,2,134,1,EC,1,1,K1_CKDL240007483-1A_22553JLT4_L7.featureCounts
K14_1,K14_1,K14,MuscleF134,K14,RNA488,Muscle,I05,F,2,134,2,EC,1,1,K14_CKDL240007483-1A_22553JLT4_L7.featureCounts
K18_1,K18_1,K18,SkinM134,K18,R103,Skin,D12,M,2,134,2,IG,1,1,K18_CKDL240007483-1A_22553JLT4_L7.featureCounts
K5_1,K5_1,K5,LiverM134,K5,R11,Liver,D12,M,2,134,2,EC,1,1,K5_CKDL240007483-1A_22553JLT4_L7.featureCounts
E24_1,E24_1,E24,GonadM133,E24,184,Testis,P_1A_6,M,1A,133,2,JC,1,1,E24_CKDL240007483-1A_22553JLT4_L7.featureCounts
C10_2,C10_2,C10,SpinalCordM147,C10,RNA425,SpinalCord,P_1B_11,M,1B,147,1,EC,2,2,C10_CKDL240007484-1A_22553JLT4_L6.featureCounts
C16_2,C16_2,C16,HeartM147,C16,R237,Heart,P_1B_11,M,1B,147,2,EC,2,2,C16_CKDL240007484-1A_22553JLT4_L6.featureCounts
D10_2,D10_2,D10,SpinalCordF147,D10,RNA426,SpinalCord,P_1B_4,F,1B,147,2,JC,2,2,D10_CKDL240007484-1A_22553JLT4_L6.featureCounts
F06_2,F06_2,F06,FatM147,F06,RNA538,Fat,P_1B_8,M,1B,147,2,EC,2,2,F6_CKDL240007484-1A_22553JLT4_L6.featureCounts
F14_2,F14_2,F14,HeartF147,F14,R208,Heart,J_1B_7,F,1B,147,1,JC,2,2,F14_CKDL240007484-1A_22553JLT4_L6.featureCounts
F20_2,F20_2,F20,SpleenF147,F20,RNA350,Spleen,J_1B_7,F,1B,147,2,EC,2,2,F20_CKDL240007484-1A_22553JLT4_L6.featureCounts
F24_2,F24_2,F24,BrainF147,F24,R76,Brain,J_1B_7,F,1B,147,2,IG,2,2,F24_CKDL240007484-1A_22553JLT4_L6.featureCounts
G20_2,G20_2,G20,SpleenM147,G20,RNA351,Spleen,P_1B_11,M,1B,147,2,EC,2,2,G20_CKDL240007484-1A_22553JLT4_L6.featureCounts
G24_2,G24_2,G24,BrainF147,G24,R77,Brain,P_1B_4,F,1B,147,2,IG,2,2,G24_CKDL240007484-1A_22553JLT4_L6.featureCounts
H03_2,H03_2,H03,BoneF147,H03,RNA611,Bone,P_1B_4,F,1B,147,3,EC,2,2,H3_CKDL240007484-1A_22553JLT4_L6.featureCounts
H14_2,H14_2,H14,HeartF147,H14,R210,Heart,P_1B_4,F,1B,147,1,JC,2,2,H14_CKDL240007484-1A_22553JLT4_L6.featureCounts
H19_2,H19_2,H19,SpleenM147,H19,RNA336,Spleen,P_1B_8,M,1B,147,2,EC,2,2,H19_CKDL240007484-1A_22553JLT4_L6.featureCounts
I11_2,I11_2,I11,SpinalCordM147,I11,RNA447,SpinalCord,P_1B_8,M,1B,147,2,EC,2,2,I11_CKDL240007484-1A_22553JLT4_L6.featureCounts
I16_2,I16_2,I16,EyeM147,I16,651,Eye,P_1B_11,M,1B,147,NA,MRW,2,2,I16_CKDL240007484-1A_22553JLT4_L6.featureCounts
I18_2,I18_2,I18,SpleenF147,I18,RNA321,Spleen,P_1B_4,F,1B,147,1,JC,2,2,I18_CKDL240007484-1A_22553JLT4_L6.featureCounts
J16_2,J16_2,J16,EyeF147,J16,652,Eye,J_1B_7,F,1B,147,NA,MRW,2,2,J16_CKDL240007484-1A_22553JLT4_L6.featureCounts
J20_2,J20_2,J20,EyeM147,J20,660,Eye,P_1B_8,M,1B,147,NA,MRW,2,2,J20_CKDL240007484-1A_22553JLT4_L6.featureCounts
J23_2,J23_2,J23,BrainM147,J23,R64,Brain,P_1B_8,M,1B,147,2,IG,2,2,J23_CKDL240007484-1A_22553JLT4_L6.featureCounts
K07_2,K07_2,K07,FatF147,K07,RNA559,Fat,J_1B_7,F,1B,147,3,EC,2,2,K7_CKDL240007484-1A_22553JLT4_L6.featureCounts
L03_2,L03_2,L03,BoneM147,L03,RNA615,Bone,P_1B_8,M,1B,147,3,EC,2,2,L3_CKDL240007484-1A_22553JLT4_L6.featureCounts
L16_2,L16_2,L16,EyeM147,L16,654,Eye,P_1B_11,M,1B,147,NA,MRW,2,2,L16_CKDL240007484-1A_22553JLT4_L6.featureCounts
N01_2,N01_2,N01,BoneM147,N01,RNA585,Bone,P_1B_11,M,1B,147,1,EC,2,2,N1_CKDL240007484-1A_22553JLT4_L6.featureCounts
N15_2,N15_2,N15,HeartM147,N15,R232,Heart,P_1B_8,M,1B,147,2,EC,2,2,N15_CKDL240007484-1A_22553JLT4_L6.featureCounts
O01_2,O01_2,O01,BoneF147,O01,RNA586,Bone,J_1B_7,F,1B,147,1,EC,2,2,O1_CKDL240007484-1A_22553JLT4_L6.featureCounts
O08_2,O08_2,O08,EyeF147,O08,641,Eye,J_1B_7,F,1B,147,NA,MRW,2,2,O8_CKDL240007484-1A_22553JLT4_L6.featureCounts
O09_2,O09_2,O09,SpinalCordF147,O09,RNA421,SpinalCord,J_1B_7,F,1B,147,1,EC,2,2,O9_CKDL240007484-1A_22553JLT4_L6.featureCounts
O16_2,O16_2,O16,EyeM147,O16,657,Eye,P_1B_8,M,1B,147,NA,MRW,2,2,O16_CKDL240007484-1A_22553JLT4_L6.featureCounts
O21_2,O21_2,O21,BrainM147,O21,R37,Brain,P_1B_11,M,1B,147,1,EC,2,2,O21_CKDL240007484-1A_22553JLT4_L6.featureCounts
A14_1,A14_1,A14,MuscleM147,A14,RNA478,Muscle,P_1B_8,M,1B,147,1,EC,1,1,A14_CKDL240007483-1A_22553JLT4_L7.featureCounts
B10_1,B10_1,B10,KidneyM147,B10,R259,Kidney,P_1B_8,M,1B,147,1,JC,1,1,B10_CKDL240007483-1A_22553JLT4_L7.featureCounts
B11_1,B11_1,B11,KidneyF147,B11,R275,Kidney,P_1B_4,F,1B,147,2,JC,1,1,B11_CKDL240007483-1A_22553JLT4_L7.featureCounts
B18_1,B18_1,B18,SkinF147,B18,R94,Skin,J_1B_7,F,1B,147,1,IG,1,1,B18_CKDL240007483-1A_22553JLT4_L7.featureCounts
K23_1,K23_1,K23,GonadM133,K23,174,Testis,P_1A_4,M,1A,133,2,JC,1,1,K23_CKDL240007483-1A_22553JLT4_L7.featureCounts
C21_1,C21_1,C21,GonadM134,C21,134,Testis,D12,M,2,134,1,EC,1,1,C21_CKDL240007483-1A_22553JLT4_L7.featureCounts
D4_1,D4_1,D4,GutF147,D4,RNA403,Gut,P_1B_4,F,1B,147,2,EC,1,1,D4_CKDL240007483-1A_22553JLT4_L7.featureCounts
D7_1,D7_1,D7,LiverF147,D7,RNA677,Liver,P_1B_4,F,1B,147,1,EC,1,1,D7_CKDL240007483-1A_22553JLT4_L7.featureCounts
E12_1,E12_1,E12,KidneyF147,E12,R294,Kidney,J_1B_7,F,1B,147,2,EC,1,1,E12_CKDL240007483-1A_22553JLT4_L7.featureCounts
E14_1,E14_1,E14,MuscleF147,E14,RNA482,Muscle,P_1B_4,F,1B,147,2,EC,1,1,E14_CKDL240007483-1A_22553JLT4_L7.featureCounts
E2_1,E2_1,E2,GutF147,E2,RNA372,Gut,J_1B_7,F,1B,147,1,JC,1,1,E2_CKDL240007483-1A_22553JLT4_L7.featureCounts
E7_1,E7_1,E7,LiverM147,E7,RNA678,Liver,P_1B_8,M,1B,147,1,EC,1,1,E7_CKDL240007483-1A_22553JLT4_L7.featureCounts
E8_1,E8_1,E8,LiverF147,E8,RNA694,Liver,J_1B_7,F,1B,147,1,IG,1,1,E8_CKDL240007483-1A_22553JLT4_L7.featureCounts
F14_1,F14_1,F14,MuscleF147,F14,RNA483,Muscle,J_1B_7,F,1B,147,2,EC,1,1,F14_CKDL240007483-1A_22553JLT4_L7.featureCounts
F18_1,F18_1,F18,SkinF147,F18,R98,Skin,P_1B_4,F,1B,147,1,IG,1,1,F18_CKDL240007483-1A_22553JLT4_L7.featureCounts
F2_1,F2_1,F2,GutM147,F2,RNA373,Gut,P_1B_11,M,1B,147,1,JC,1,1,F2_CKDL240007483-1A_22553JLT4_L7.featureCounts
F8_1,F8_1,F8,LiverM147,F8,RNA695,Liver,P_1B_11,M,1B,147,1,IG,1,1,F8_CKDL240007483-1A_22553JLT4_L7.featureCounts
G20_1,G20_1,G20,SkinM147,G20,R131,Skin,P_1B_8,M,1B,147,2,EC,1,1,G20_CKDL240007483-1A_22553JLT4_L7.featureCounts
E21_1,E21_1,E21,GonadM134,E21,136,Testis,B01,M,2,134,1,EC,1,1,E21_CKDL240007483-1A_22553JLT4_L7.featureCounts
H18_1,H18_1,H18,SkinM147,H18,R100,Skin,P_1B_11,M,1B,147,1,IG,1,1,H18_CKDL240007483-1A_22553JLT4_L7.featureCounts
J15_1,J15_1,J15,MuscleM147,J15,RNA503,Muscle,P_1B_11,M,1B,147,3,EC,1,1,J15_CKDL240007483-1A_22553JLT4_L7.featureCounts
L11_1,L11_1,L11,KidneyM147,L11,R285,Kidney,P_1B_11,M,1B,147,2,EC,1,1,L11_CKDL240007483-1A_22553JLT4_L7.featureCounts
P1_1,P1_1,P1,GutM147,P1,RNA367,Gut,P_1B_8,M,1B,147,1,EC,1,1,P1_CKDL240007483-1A_22553JLT4_L7.featureCounts
A18_2,A18_2,A18,SpleenM152,A18,RNA313,Spleen,P_1A_3,M,1A,152,1,EC,2,2,A18_CKDL240007484-1A_22553JLT4_L6.featureCounts
A22_2,A22_2,A22,BrainM152,A22,R39,Brain,J_1A_1,M,1A,152,1,EC,2,2,A22_CKDL240007484-1A_22553JLT4_L6.featureCounts
C12_2,C12_2,C12,SpinalCordM152,C12,RNA457,SpinalCord,J_1A_1,M,1A,152,2,EC,2,2,C12_CKDL240007484-1A_22553JLT4_L6.featureCounts
C14_2,C14_2,C14,HeartM152,C14,R205,Heart,J_1A_1,M,1A,152,1,JC,2,2,C14_CKDL240007484-1A_22553JLT4_L6.featureCounts
D02_2,D02_2,D02,BoneM152,D02,RNA591,Bone,J_1A_1,M,1A,152,2,EC,2,2,D2_CKDL240007484-1A_22553JLT4_L6.featureCounts
D08_2,D08_2,D08,FatM152,D08,RNA568,Fat,P_1A_3,M,1A,152,3,EC,2,2,D8_CKDL240007484-1A_22553JLT4_L6.featureCounts
H10_2,H10_2,H10,SpinalCordM152,H10,RNA430,SpinalCord,P_1A_3,M,1A,152,2,JC,2,2,H10_CKDL240007484-1A_22553JLT4_L6.featureCounts
K20_2,K20_2,K20,EyeM152,K20,661,Eye,J_1A_1,M,1A,152,NA,MRW,2,2,K20_CKDL240007484-1A_22553JLT4_L6.featureCounts
L01_2,L01_2,L01,BoneM152,L01,RNA583,Bone,P_1A_3,M,1A,152,1,EC,2,2,L1_CKDL240007484-1A_22553JLT4_L6.featureCounts
L08_2,L08_2,L08,EyeM152,L08,638,Eye,P_1A_3,M,1A,152,NA,MRW,2,2,L8_CKDL240007484-1A_22553JLT4_L6.featureCounts
L15_2,L15_2,L15,HeartM152,L15,R230,Heart,P_1A_3,M,1A,152,2,EC,2,2,L15_CKDL240007484-1A_22553JLT4_L6.featureCounts
N19_2,N19_2,N19,SpleenM152,N19,RNA342,Spleen,J_1A_1,M,1A,152,2,EC,2,2,N19_CKDL240007484-1A_22553JLT4_L6.featureCounts
P05_2,P05_2,P05,FatM152,P05,RNA532,Fat,J_1A_1,M,1A,152,1,EC,2,2,P5_CKDL240007484-1A_22553JLT4_L6.featureCounts
P21_2,P21_2,P21,BrainM152,P21,R38,Brain,P_1A_3,M,1A,152,1,EC,2,2,P21_CKDL240007484-1A_22553JLT4_L6.featureCounts
C7_1,C7_1,C7,LiverM152,C7,RNA676,Liver,J_1A_1,M,1A,152,1,EC,1,1,C7_CKDL240007483-1A_22553JLT4_L7.featureCounts
D16_1,D16_1,D16,MuscleM152,D16,RNA513,Muscle,P_1A_3,M,1A,152,3,EC,1,1,D16_CKDL240007483-1A_22553JLT4_L7.featureCounts
D8_1,D8_1,D8,LiverM152,D8,RNA693,Liver,P_1A_3,M,1A,152,1,IG,1,1,D8_CKDL240007483-1A_22553JLT4_L7.featureCounts
E16_1,E16_1,E16,MuscleM152,E16,RNA514,Muscle,J_1A_1,M,1A,152,3,EC,1,1,E16_CKDL240007483-1A_22553JLT4_L7.featureCounts
E4_1,E4_1,E4,GutM152,E4,RNA404,Gut,J_1A_1,M,1A,152,2,EC,1,1,E4_CKDL240007483-1A_22553JLT4_L7.featureCounts
F19_1,F19_1,F19,SkinM152,F19,R114,Skin,P_1A_3,M,1A,152,2,IG,1,1,F19_CKDL240007483-1A_22553JLT4_L7.featureCounts
G10_1,G10_1,G10,KidneyM152,G10,R264,Kidney,P_1A_3,M,1A,152,1,JC,1,1,G10_CKDL240007483-1A_22553JLT4_L7.featureCounts
C24_1,C24_1,C24,GonadM147,C24,182,Testis,P_1B_8,M,1B,147,2,JC,1,1,C24_CKDL240007483-1A_22553JLT4_L7.featureCounts
M1_1,M1_1,M1,GutM152,M1,RNA364,Gut,P_1A_3,M,1A,152,1,EC,1,1,M1_CKDL240007483-1A_22553JLT4_L7.featureCounts
N10_1,N10_1,N10,KidneyM152,N10,R271,Kidney,J_1A_1,M,1A,152,2,JC,1,1,N10_CKDL240007483-1A_22553JLT4_L7.featureCounts
O19_1,O19_1,O19,SkinM152,O19,R123,Skin,J_1A_1,M,1A,152,2,EC,1,1,O19_CKDL240007483-1A_22553JLT4_L7.featureCounts
A03_2,A03_2,A03,BoneF155,A03,RNA604,Bone,C1,F,2,155,2,EC,2,2,A3_CKDL240007484-1A_22553JLT4_L6.featureCounts
A19_2,A19_2,A19,SpleenF155,A19,RNA329,Spleen,C1,F,2,155,1,JC,2,2,A19_CKDL240007484-1A_22553JLT4_L6.featureCounts
B9_2,B9_2,B9,SpinalCordF155,B9,RNA408,SpinalCord,J9,F,2,155,1,EC,2,2,B9_CKDL240007484-1A_22553JLT4_L6.featureCounts
C19_2,C19_2,C19,SpleenF155,C19,RNA331,Spleen,J9,F,2,155,1,JC,2,2,C19_CKDL240007484-1A_22553JLT4_L6.featureCounts
E03_2,E03_2,E03,BoneF155,E03,RNA608,Bone,J9,F,2,155,3,EC,2,2,E3_CKDL240007484-1A_22553JLT4_L6.featureCounts
E05_2,E05_2,E05,FatF155,E05,RNA521,Fat,C1,F,2,155,1,EC,2,2,E5_CKDL240007484-1A_22553JLT4_L6.featureCounts
I15_2,I15_2,I15,HeartF155,I15,R227,Heart,C1,F,2,155,2,EC,2,2,I15_CKDL240007484-1A_22553JLT4_L6.featureCounts
J21_2,J21_2,J21,BrainF155,J21,R32,Brain,J9,F,2,155,1,IG,2,2,J21_CKDL240007484-1A_22553JLT4_L6.featureCounts
K06_2,K06_2,K06,FatF155,K06,RNA543,Fat,J9,F,2,155,2,EC,2,2,K6_CKDL240007484-1A_22553JLT4_L6.featureCounts
K13_2,K13_2,K13,HeartF155,K13,R197,Heart,J9,F,2,155,1,EC,2,2,K13_CKDL240007484-1A_22553JLT4_L6.featureCounts
L22_2,L22_2,L22,BrainF155,L22,R50,Brain,C1,F,2,155,2,EC,2,2,L22_CKDL240007484-1A_22553JLT4_L6.featureCounts
O10_2,O10_2,O10,SpinalCordF155,O10,RNA437,SpinalCord,C1,F,2,155,2,JC,2,2,O10_CKDL240007484-1A_22553JLT4_L6.featureCounts
A1_1,A1_1,A1,GutF155,A1,RNA352,Gut,J9,F,2,155,1,EC,1,1,A1_CKDL240007483-1A_22553JLT4_L7.featureCounts
B13_1,B13_1,B13,MuscleF155,B13,RNA463,Muscle,J9,F,2,155,1,EC,1,1,B13_CKDL240007483-1A_22553JLT4_L7.featureCounts
B17_1,B17_1,B17,SkinF155,B17,R78,Skin,C1,F,2,155,1,EC,1,1,B17_CKDL240007483-1A_22553JLT4_L7.featureCounts
G24_1,G24_1,G24,GonadM147,G24,186,Testis,P_1B_11,M,1B,147,2,JC,1,1,G24_CKDL240007483-1A_22553JLT4_L7.featureCounts
F9_1,F9_1,F9,KidneyF155,F9,R247,Kidney,J9,F,2,155,1,EC,1,1,F9_CKDL240007483-1A_22553JLT4_L7.featureCounts
H23_1,H23_1,H23,GonadM152,H23,171,Testis,J_1A_1,M,1A,152,2,EC,1,1,H23_CKDL240007483-1A_22553JLT4_L7.featureCounts
K13_1,K13_1,K13,MuscleF155,K13,RNA472,Muscle,C1,F,2,155,1,EC,1,1,K13_CKDL240007483-1A_22553JLT4_L7.featureCounts
L2_1,L2_1,L2,GutF155,L2,RNA379,Gut,C1,F,2,155,1,JC,1,1,L2_CKDL240007483-1A_22553JLT4_L7.featureCounts
L5_1,L5_1,L5,LiverF155,L5,R12,Liver,C1,F,2,155,2,IG,1,1,L5_CKDL240007483-1A_22553JLT4_L7.featureCounts
M18_1,M18_1,M18,SkinF155,M18,R105,Skin,J9,F,2,155,2,IG,1,1,M18_CKDL240007483-1A_22553JLT4_L7.featureCounts
M5_1,M5_1,M5,LiverF155,M5,R13,Liver,J9,F,2,155,2,IG,1,1,M5_CKDL240007483-1A_22553JLT4_L7.featureCounts
M9_1,M9_1,M9,KidneyF155,M9,R254,Kidney,C1,F,2,155,1,EC,1,1,M9_CKDL240007483-1A_22553JLT4_L7.featureCounts
A12_2,A12_2,A12,SpinalCordM161,A12,RNA455,SpinalCord,J_1B_4,M,1B,161,2,EC,2,2,A12_CKDL240007484-1A_22553JLT4_L6.featureCounts
B20_2,B20_2,B20,SpleenM161,B20,RNA346,Spleen,J_1B_4,M,1B,161,2,EC,2,2,B20_CKDL240007484-1A_22553JLT4_L6.featureCounts
E24_2,E24_2,E24,BrainM161,E24,R75,Brain,J_1B_11,M,1B,161,2,IG,2,2,E24_CKDL240007484-1A_22553JLT4_L6.featureCounts
G11_2,G11_2,G11,SpinalCordM161,G11,RNA445,SpinalCord,J_1B_11,M,1B,161,2,EC,2,2,G11_CKDL240007484-1A_22553JLT4_L6.featureCounts
M03_2,M03_2,M03,BoneM161,M03,RNA616,Bone,J_1B_11,M,1B,161,3,EC,2,2,M3_CKDL240007484-1A_22553JLT4_L6.featureCounts
M07_2,M07_2,M07,FatM161,M07,RNA561,Fat,J_1B_4,M,1B,161,3,EC,2,2,M7_CKDL240007484-1A_22553JLT4_L6.featureCounts
M15_2,M15_2,M15,HeartM161,M15,R231,Heart,J_1B_4,M,1B,161,2,EC,2,2,M15_CKDL240007484-1A_22553JLT4_L6.featureCounts
N03_2,N03_2,N03,BoneM161,N03,RNA617,Bone,J_1B_4,M,1B,161,3,EC,2,2,N3_CKDL240007484-1A_22553JLT4_L6.featureCounts
N05_2,N05_2,N05,FatM161,N05,RNA530,Fat,J_1B_11,M,1B,161,1,EC,2,2,N5_CKDL240007484-1A_22553JLT4_L6.featureCounts
N08_2,N08_2,N08,EyeF161,N08,640,Eye,J_1B_4,F,1B,161,NA,MRW,2,2,N8_CKDL240007484-1A_22553JLT4_L6.featureCounts
N14_2,N14_2,N14,HeartM161,N14,R216,Heart,J_1B_11,M,1B,161,1,JC,2,2,N14_CKDL240007484-1A_22553JLT4_L6.featureCounts
N17_2,N17_2,N17,SpleenM161,N17,RNA310,Spleen,J_1B_11,M,1B,161,1,EC,2,2,N17_CKDL240007484-1A_22553JLT4_L6.featureCounts
O23_2,O23_2,O23,BrainM161,O23,R69,Brain,J_1B_4,M,1B,161,2,IG,2,2,O23_CKDL240007484-1A_22553JLT4_L6.featureCounts
A12_1,A12_1,A12,KidneyM161,A12,R290,Kidney,J_1B_4,M,1B,161,2,EC,1,1,A12_CKDL240007483-1A_22553JLT4_L7.featureCounts
A18_1,A18_1,A18,SkinM161,A18,R93,Skin,J_1B_4,M,1B,161,1,IG,1,1,A18_CKDL240007483-1A_22553JLT4_L7.featureCounts
A20_1,A20_1,A20,SkinM161,A20,R125,Skin,J_1B_11,M,1B,161,2,EC,1,1,A20_CKDL240007483-1A_22553JLT4_L7.featureCounts
D2_1,D2_1,D2,GutM161,D2,RNA371,Gut,J_1B_4,M,1B,161,1,JC,1,1,D2_CKDL240007483-1A_22553JLT4_L7.featureCounts
F7_1,F7_1,F7,LiverM161,F7,RNA679,Liver,J_1B_11,M,1B,161,1,EC,1,1,F7_CKDL240007483-1A_22553JLT4_L7.featureCounts
G8_1,G8_1,G8,LiverM161,G8,RNA696,Liver,J_1B_4,M,1B,161,1,IG,1,1,G8_CKDL240007483-1A_22553JLT4_L7.featureCounts
L1_1,L1_1,L1,GutM161,L1,RNA363,Gut,J_1B_11,M,1B,161,1,EC,1,1,L1_CKDL240007483-1A_22553JLT4_L7.featureCounts
L13_1,L13_1,L13,MuscleM161,L13,RNA473,Muscle,J_1B_11,M,1B,161,1,EC,1,1,L13_CKDL240007483-1A_22553JLT4_L7.featureCounts
L23_1,L23_1,L23,GonadM161,L23,175,Testis,J_1B_11,M,1B,161,2,JC,1,1,L23_CKDL240007483-1A_22553JLT4_L7.featureCounts
M15_1,M15_1,M15,MuscleM161,M15,RNA506,Muscle,J_1B_4,M,1B,161,3,EC,1,1,M15_CKDL240007483-1A_22553JLT4_L7.featureCounts
O11_1,O11_1,O11,KidneyM161,O11,R288,Kidney,J_1B_11,M,1B,161,2,EC,1,1,O11_CKDL240007483-1A_22553JLT4_L7.featureCounts
P23_1,P23_1,P23,GonadM161,P23,179,Testis,J_1B_4,M,1B,161,2,JC,1,1,P23_CKDL240007483-1A_22553JLT4_L7.featureCounts
A09_2,A09_2,A09,SpinalCordM162,A09,RNA407,SpinalCord,I_03,M,2,162,1,EC,2,2,A9_CKDL240007484-1A_22553JLT4_L6.featureCounts
A13_2,A13_2,A13,HeartM162,A13,R187,Heart,D_05,M,2,162,1,EC,2,2,A13_CKDL240007484-1A_22553JLT4_L6.featureCounts
A21_2,A21_2,A21,BrainM162,A21,R23,Brain,D_05,M,2,162,1,IG,2,2,A21_CKDL240007484-1A_22553JLT4_L6.featureCounts
B21_2,B21_2,B21,BrainM162,B21,R24,Brain,I_03,M,2,162,1,IG,2,2,B21_CKDL240007484-1A_22553JLT4_L6.featureCounts
C13_2,C13_2,C13,HeartM162,C13,R189,Heart,C_03,M,2,162,1,EC,2,2,C13_CKDL240007484-1A_22553JLT4_L6.featureCounts
C17_2,C17_2,C17,SpleenM162,C17,RNA299,Spleen,C_03,M,2,162,1,EC,2,2,C17_CKDL240007484-1A_22553JLT4_L6.featureCounts
D01_2,D01_2,D01,BoneM162,D01,RNA575,Bone,I_03,M,2,162,1,EC,2,2,D1_CKDL240007484-1A_22553JLT4_L6.featureCounts
D11_2,D11_2,D11,SpinalCordM162,D11,RNA442,SpinalCord,J_04,M,2,162,2,JC,2,2,D11_CKDL240007484-1A_22553JLT4_L6.featureCounts
E01_2,E01_2,E01,BoneM162,E01,RNA576,Bone,C_03,M,2,162,1,EC,2,2,E1_CKDL240007484-1A_22553JLT4_L6.featureCounts
E11_2,E11_2,E11,SpinalCordM162,E11,RNA443,SpinalCord,D_05,M,2,162,2,JC,2,2,E11_CKDL240007484-1A_22553JLT4_L6.featureCounts
E17_2,E17_2,E17,SpleenM162,E17,RNA301,Spleen,I_03,M,2,162,1,EC,2,2,E17_CKDL240007484-1A_22553JLT4_L6.featureCounts
G05_2,G05_2,G05,FatM162,G05,RNA523,Fat,I_03,M,2,162,1,EC,2,2,G5_CKDL240007484-1A_22553JLT4_L6.featureCounts
G15_2,G15_2,G15,HeartM162,G15,R225,Heart,I_03,M,2,162,2,EC,2,2,G15_CKDL240007484-1A_22553JLT4_L6.featureCounts
H05_2,H05_2,H05,FatM162,H05,RNA524,Fat,C_03,M,2,162,1,EC,2,2,H5_CKDL240007484-1A_22553JLT4_L6.featureCounts
I17_2,I17_2,I17,SpleenM162,I17,RNA305,Spleen,J_04,M,2,162,1,EC,2,2,I17_CKDL240007484-1A_22553JLT4_L6.featureCounts
I22_2,I22_2,I22,BrainM162,I22,R47,Brain,C_03,M,2,162,2,EC,2,2,I22_CKDL240007484-1A_22553JLT4_L6.featureCounts
J05_2,J05_2,J05,FatM162,J05,RNA526,Fat,D_05,M,2,162,1,EC,2,2,J5_CKDL240007484-1A_22553JLT4_L6.featureCounts
J08_2,J08_2,J08,EyeM162,J08,636,Eye,J04,M,2,162,NA,MRW,2,2,J8_CKDL240007484-1A_22553JLT4_L6.featureCounts
J09_2,J09_2,J09,SpinalCordM162,J09,RNA416,SpinalCord,C_03,M,2,162,1,EC,2,2,J9_CKDL240007484-1A_22553JLT4_L6.featureCounts
J15_2,J15_2,J15,HeartM162,J15,R228,Heart,J_04,M,2,162,2,EC,2,2,J15_CKDL240007484-1A_22553JLT4_L6.featureCounts
K16_2,K16_2,K16,EyeM162,K16,653,Eye,C03,M,2,162,NA,MRW,2,2,K16_CKDL240007484-1A_22553JLT4_L6.featureCounts
K21_2,K21_2,K21,BrainM162,K21,R33,Brain,J_04,M,2,162,1,IG,2,2,K21_CKDL240007484-1A_22553JLT4_L6.featureCounts
L20_2,L20_2,L20,EyeM162,L20,662,Eye,D05,M,2,162,NA,MRW,2,2,L20_CKDL240007484-1A_22553JLT4_L6.featureCounts
M18_2,M18_2,M18,SpleenM162,M18,RNA325,Spleen,D_05,M,2,162,1,JC,2,2,M18_CKDL240007484-1A_22553JLT4_L6.featureCounts
N02_2,N02_2,N02,BoneM162,N02,RNA601,Bone,J_04,M,2,162,2,EC,2,2,N2_CKDL240007484-1A_22553JLT4_L6.featureCounts
O02_2,O02_2,O02,BoneM162,O02,RNA602,Bone,D_05,M,2,162,2,EC,2,2,O2_CKDL240007484-1A_22553JLT4_L6.featureCounts
P04_2,P04_2,P04,EyeM162,P04,634,Eye,I03,M,2,162,NA,MRW,2,2,P4_CKDL240007484-1A_22553JLT4_L6.featureCounts
P06_2,P06_2,P06,FatM162,P06,RNA548,Fat,J_04,M,2,162,2,EC,2,2,P6_CKDL240007484-1A_22553JLT4_L6.featureCounts
A19_1,A19_1,A19,SkinM162,A19,R109,Skin,I_03,M,2,162,2,IG,1,1,A19_CKDL240007483-1A_22553JLT4_L7.featureCounts
B19_1,B19_1,B19,SkinM162,B19,R110,Skin,C_03,M,2,162,2,IG,1,1,B19_CKDL240007483-1A_22553JLT4_L7.featureCounts
B23_1,B23_1,B23,GonadM162,B23,165,Testis,C_03,M,2,162,2,EC,1,1,B23_CKDL240007483-1A_22553JLT4_L7.featureCounts
C5_1,C5_1,C5,LiverM162,C5,R3,Liver,J_04,M,2,162,2,EC,1,1,C5_CKDL240007483-1A_22553JLT4_L7.featureCounts
C9_1,C9_1,C9,KidneyM162,C9,R244,Kidney,D_05,M,2,162,1,EC,1,1,C9_CKDL240007483-1A_22553JLT4_L7.featureCounts
D3_1,D3_1,D3,GutM162,D3,RNA387,Gut,J_04,M,2,162,1,JC,1,1,D3_CKDL240007483-1A_22553JLT4_L7.featureCounts
D6_1,D6_1,D6,LiverM162,D6,R20,Liver,D_05,M,2,162,2,IG,1,1,D6_CKDL240007483-1A_22553JLT4_L7.featureCounts
E5_1,E5_1,E5,LiverM162,E5,R5,Liver,I_03,M,2,162,2,EC,1,1,E5_CKDL240007483-1A_22553JLT4_L7.featureCounts
F1_1,F1_1,F1,GutM162,F1,RNA357,Gut,C_03,M,2,162,1,EC,1,1,F1_CKDL240007483-1A_22553JLT4_L7.featureCounts
F11_1,F11_1,F11,KidneyM162,F11,R279,Kidney,C_03,M,2,162,2,JC,1,1,F11_CKDL240007483-1A_22553JLT4_L7.featureCounts
F13_1,F13_1,F13,MuscleM162,F13,RNA467,Muscle,C_03,M,2,162,1,EC,1,1,F13_CKDL240007483-1A_22553JLT4_L7.featureCounts
F3_1,F3_1,F3,GutM162,F3,RNA389,Gut,D_05,M,2,162,2,EC,1,1,F3_CKDL240007483-1A_22553JLT4_L7.featureCounts
G1_1,G1_1,G1,GutM162,G1,RNA358,Gut,I_03,M,2,162,1,EC,1,1,G1_CKDL240007483-1A_22553JLT4_L7.featureCounts
H9_1,H9_1,H9,KidneyM162,H9,R249,Kidney,I_03,M,2,162,1,EC,1,1,H9_CKDL240007483-1A_22553JLT4_L7.featureCounts
I18_1,I18_1,I18,SkinM162,I18,R101,Skin,D_05,M,2,162,2,IG,1,1,I18_CKDL240007483-1A_22553JLT4_L7.featureCounts
J18_1,J18_1,J18,SkinM162,J18,R102,Skin,J_04,M,2,162,2,IG,1,1,J18_CKDL240007483-1A_22553JLT4_L7.featureCounts
J21_1,J21_1,J21,GonadM162,J21,141,Testis,J_04,M,2,162,1,EC,1,1,J21_CKDL240007483-1A_22553JLT4_L7.featureCounts
K21_1,K21_1,K21,GonadM162,K21,142,Testis,I_03,M,2,162,1,EC,1,1,K21_CKDL240007483-1A_22553JLT4_L7.featureCounts
K22_1,K22_1,K22,GonadM162,K22,158,Testis,D_05,M,2,162,2,EC,1,1,K22_CKDL240007483-1A_22553JLT4_L7.featureCounts
N14_1,N14_1,N14,MuscleM162,N14,RNA491,Muscle,I_03,M,2,162,2,EC,1,1,N14_CKDL240007483-1A_22553JLT4_L7.featureCounts
N9_1,N9_1,N9,KidneyM162,N9,R255,Kidney,J_04,M,2,162,1,EC,1,1,N9_CKDL240007483-1A_22553JLT4_L7.featureCounts
O14_1,O14_1,O14,MuscleM162,O14,RNA492,Muscle,J_04,M,2,162,2,EC,1,1,O14_CKDL240007483-1A_22553JLT4_L7.featureCounts
P14_1,P14_1,P14,MuscleM162,P14,RNA493,Muscle,D_05,M,2,162,2,EC,1,1,P14_CKDL240007483-1A_22553JLT4_L7.featureCounts
P5_1,P5_1,P5,LiverM162,P5,R16,Liver,C_03,M,2,162,2,IG,1,1,P5_CKDL240007483-1A_22553JLT4_L7.featureCounts